Column1,ZCTA5,STATE,COUNTY,Column2,Column3
40738,89010,6,51,Mono,Mono - 89010
40748,89019,6,27,Inyo,Inyo - 89019
40749,89019,6,71,San Bernardino,San Bernardino - 89019
40774,89060,6,27,Inyo,Inyo - 89060
40776,89061,6,27,Inyo,Inyo - 89061
40880,89439,6,91,Sierra,Sierra - 89439
40937,90001,6,37,Los Angeles,Los Angeles - 90001
40938,90002,6,37,Los Angeles,Los Angeles - 90002
40939,90003,6,37,Los Angeles,Los Angeles - 90003
40940,90004,6,37,Los Angeles,Los Angeles - 90004
40941,90005,6,37,Los Angeles,Los Angeles - 90005
40942,90006,6,37,Los Angeles,Los Angeles - 90006
40943,90007,6,37,Los Angeles,Los Angeles - 90007
40944,90008,6,37,Los Angeles,Los Angeles - 90008
40945,90010,6,37,Los Angeles,Los Angeles - 90010
40946,90011,6,37,Los Angeles,Los Angeles - 90011
40947,90012,6,37,Los Angeles,Los Angeles - 90012
40948,90013,6,37,Los Angeles,Los Angeles - 90013
40949,90014,6,37,Los Angeles,Los Angeles - 90014
40950,90015,6,37,Los Angeles,Los Angeles - 90015
40951,90016,6,37,Los Angeles,Los Angeles - 90016
40952,90017,6,37,Los Angeles,Los Angeles - 90017
40953,90018,6,37,Los Angeles,Los Angeles - 90018
40954,90019,6,37,Los Angeles,Los Angeles - 90019
40955,90020,6,37,Los Angeles,Los Angeles - 90020
40956,90021,6,37,Los Angeles,Los Angeles - 90021
40957,90022,6,37,Los Angeles,Los Angeles - 90022
40958,90023,6,37,Los Angeles,Los Angeles - 90023
40959,90024,6,37,Los Angeles,Los Angeles - 90024
40960,90025,6,37,Los Angeles,Los Angeles - 90025
40961,90026,6,37,Los Angeles,Los Angeles - 90026
40962,90027,6,37,Los Angeles,Los Angeles - 90027
40963,90028,6,37,Los Angeles,Los Angeles - 90028
40964,90029,6,37,Los Angeles,Los Angeles - 90029
40965,90031,6,37,Los Angeles,Los Angeles - 90031
40966,90032,6,37,Los Angeles,Los Angeles - 90032
40967,90033,6,37,Los Angeles,Los Angeles - 90033
40968,90034,6,37,Los Angeles,Los Angeles - 90034
40969,90035,6,37,Los Angeles,Los Angeles - 90035
40970,90036,6,37,Los Angeles,Los Angeles - 90036
40971,90037,6,37,Los Angeles,Los Angeles - 90037
40972,90038,6,37,Los Angeles,Los Angeles - 90038
40973,90039,6,37,Los Angeles,Los Angeles - 90039
40974,90040,6,37,Los Angeles,Los Angeles - 90040
40975,90041,6,37,Los Angeles,Los Angeles - 90041
40976,90042,6,37,Los Angeles,Los Angeles - 90042
40977,90043,6,37,Los Angeles,Los Angeles - 90043
40978,90044,6,37,Los Angeles,Los Angeles - 90044
40979,90045,6,37,Los Angeles,Los Angeles - 90045
40980,90046,6,37,Los Angeles,Los Angeles - 90046
40981,90047,6,37,Los Angeles,Los Angeles - 90047
40982,90048,6,37,Los Angeles,Los Angeles - 90048
40983,90049,6,37,Los Angeles,Los Angeles - 90049
40984,90056,6,37,Los Angeles,Los Angeles - 90056
40985,90057,6,37,Los Angeles,Los Angeles - 90057
40986,90058,6,37,Los Angeles,Los Angeles - 90058
40987,90059,6,37,Los Angeles,Los Angeles - 90059
40988,90061,6,37,Los Angeles,Los Angeles - 90061
40989,90062,6,37,Los Angeles,Los Angeles - 90062
40990,90063,6,37,Los Angeles,Los Angeles - 90063
40991,90064,6,37,Los Angeles,Los Angeles - 90064
40992,90065,6,37,Los Angeles,Los Angeles - 90065
40993,90066,6,37,Los Angeles,Los Angeles - 90066
40994,90067,6,37,Los Angeles,Los Angeles - 90067
40995,90068,6,37,Los Angeles,Los Angeles - 90068
40996,90069,6,37,Los Angeles,Los Angeles - 90069
40997,90071,6,37,Los Angeles,Los Angeles - 90071
40998,90073,6,37,Los Angeles,Los Angeles - 90073
40999,90077,6,37,Los Angeles,Los Angeles - 90077
41000,90079,6,37,Los Angeles,Los Angeles - 90079
41001,90089,6,37,Los Angeles,Los Angeles - 90089
41002,90090,6,37,Los Angeles,Los Angeles - 90090
41003,90094,6,37,Los Angeles,Los Angeles - 90094
41004,90095,6,37,Los Angeles,Los Angeles - 90095
41005,90201,6,37,Los Angeles,Los Angeles - 90201
41006,90210,6,37,Los Angeles,Los Angeles - 90210
41007,90211,6,37,Los Angeles,Los Angeles - 90211
41008,90212,6,37,Los Angeles,Los Angeles - 90212
41009,90220,6,37,Los Angeles,Los Angeles - 90220
41010,90221,6,37,Los Angeles,Los Angeles - 90221
41011,90222,6,37,Los Angeles,Los Angeles - 90222
41012,90230,6,37,Los Angeles,Los Angeles - 90230
41013,90232,6,37,Los Angeles,Los Angeles - 90232
41014,90240,6,37,Los Angeles,Los Angeles - 90240
41015,90241,6,37,Los Angeles,Los Angeles - 90241
41016,90242,6,37,Los Angeles,Los Angeles - 90242
41017,90245,6,37,Los Angeles,Los Angeles - 90245
41018,90247,6,37,Los Angeles,Los Angeles - 90247
41019,90248,6,37,Los Angeles,Los Angeles - 90248
41020,90249,6,37,Los Angeles,Los Angeles - 90249
41021,90250,6,37,Los Angeles,Los Angeles - 90250
41022,90254,6,37,Los Angeles,Los Angeles - 90254
41023,90255,6,37,Los Angeles,Los Angeles - 90255
41024,90260,6,37,Los Angeles,Los Angeles - 90260
41025,90262,6,37,Los Angeles,Los Angeles - 90262
41026,90263,6,37,Los Angeles,Los Angeles - 90263
41027,90265,6,37,Los Angeles,Los Angeles - 90265
41028,90265,6,111,Ventura,Ventura - 90265
41029,90266,6,37,Los Angeles,Los Angeles - 90266
41030,90270,6,37,Los Angeles,Los Angeles - 90270
41031,90272,6,37,Los Angeles,Los Angeles - 90272
41032,90274,6,37,Los Angeles,Los Angeles - 90274
41033,90275,6,37,Los Angeles,Los Angeles - 90275
41034,90277,6,37,Los Angeles,Los Angeles - 90277
41035,90278,6,37,Los Angeles,Los Angeles - 90278
41036,90280,6,37,Los Angeles,Los Angeles - 90280
41037,90290,6,37,Los Angeles,Los Angeles - 90290
41038,90291,6,37,Los Angeles,Los Angeles - 90291
41039,90292,6,37,Los Angeles,Los Angeles - 90292
41040,90293,6,37,Los Angeles,Los Angeles - 90293
41041,90301,6,37,Los Angeles,Los Angeles - 90301
41042,90302,6,37,Los Angeles,Los Angeles - 90302
41043,90303,6,37,Los Angeles,Los Angeles - 90303
41044,90304,6,37,Los Angeles,Los Angeles - 90304
41045,90305,6,37,Los Angeles,Los Angeles - 90305
41046,90401,6,37,Los Angeles,Los Angeles - 90401
41047,90402,6,37,Los Angeles,Los Angeles - 90402
41048,90403,6,37,Los Angeles,Los Angeles - 90403
41049,90404,6,37,Los Angeles,Los Angeles - 90404
41050,90405,6,37,Los Angeles,Los Angeles - 90405
41051,90501,6,37,Los Angeles,Los Angeles - 90501
41052,90502,6,37,Los Angeles,Los Angeles - 90502
41053,90503,6,37,Los Angeles,Los Angeles - 90503
41054,90504,6,37,Los Angeles,Los Angeles - 90504
41055,90505,6,37,Los Angeles,Los Angeles - 90505
41056,90506,6,37,Los Angeles,Los Angeles - 90506
41057,90601,6,37,Los Angeles,Los Angeles - 90601
41058,90602,6,37,Los Angeles,Los Angeles - 90602
41059,90603,6,37,Los Angeles,Los Angeles - 90603
41060,90604,6,37,Los Angeles,Los Angeles - 90604
41061,90605,6,37,Los Angeles,Los Angeles - 90605
41062,90606,6,37,Los Angeles,Los Angeles - 90606
41063,90620,6,59,Orange,Orange - 90620
41064,90621,6,59,Orange,Orange - 90621
41065,90623,6,37,Los Angeles,Los Angeles - 90623
41066,90623,6,59,Orange,Orange - 90623
41067,90630,6,37,Los Angeles,Los Angeles - 90630
41068,90630,6,59,Orange,Orange - 90630
41069,90631,6,37,Los Angeles,Los Angeles - 90631
41070,90631,6,59,Orange,Orange - 90631
41071,90638,6,37,Los Angeles,Los Angeles - 90638
41072,90638,6,59,Orange,Orange - 90638
41073,90640,6,37,Los Angeles,Los Angeles - 90640
41074,90650,6,37,Los Angeles,Los Angeles - 90650
41075,90660,6,37,Los Angeles,Los Angeles - 90660
41076,90670,6,37,Los Angeles,Los Angeles - 90670
41077,90680,6,59,Orange,Orange - 90680
41078,90701,6,37,Los Angeles,Los Angeles - 90701
41079,90703,6,37,Los Angeles,Los Angeles - 90703
41080,90704,6,37,Los Angeles,Los Angeles - 90704
41081,90706,6,37,Los Angeles,Los Angeles - 90706
41082,90710,6,37,Los Angeles,Los Angeles - 90710
41083,90712,6,37,Los Angeles,Los Angeles - 90712
41084,90713,6,37,Los Angeles,Los Angeles - 90713
41085,90715,6,37,Los Angeles,Los Angeles - 90715
41086,90716,6,37,Los Angeles,Los Angeles - 90716
41087,90717,6,37,Los Angeles,Los Angeles - 90717
41088,90720,6,59,Orange,Orange - 90720
41089,90723,6,37,Los Angeles,Los Angeles - 90723
41090,90731,6,37,Los Angeles,Los Angeles - 90731
41091,90732,6,37,Los Angeles,Los Angeles - 90732
41092,90740,6,37,Los Angeles,Los Angeles - 90740
41093,90740,6,59,Orange,Orange - 90740
41094,90742,6,59,Orange,Orange - 90742
41095,90743,6,59,Orange,Orange - 90743
41096,90744,6,37,Los Angeles,Los Angeles - 90744
41097,90745,6,37,Los Angeles,Los Angeles - 90745
41098,90746,6,37,Los Angeles,Los Angeles - 90746
41099,90747,6,37,Los Angeles,Los Angeles - 90747
41100,90755,6,37,Los Angeles,Los Angeles - 90755
41101,90802,6,37,Los Angeles,Los Angeles - 90802
41102,90803,6,37,Los Angeles,Los Angeles - 90803
41103,90804,6,37,Los Angeles,Los Angeles - 90804
41104,90805,6,37,Los Angeles,Los Angeles - 90805
41105,90806,6,37,Los Angeles,Los Angeles - 90806
41106,90807,6,37,Los Angeles,Los Angeles - 90807
41107,90808,6,37,Los Angeles,Los Angeles - 90808
41108,90810,6,37,Los Angeles,Los Angeles - 90810
41109,90813,6,37,Los Angeles,Los Angeles - 90813
41110,90814,6,37,Los Angeles,Los Angeles - 90814
41111,90815,6,37,Los Angeles,Los Angeles - 90815
41112,90815,6,59,Orange,Orange - 90815
41113,90822,6,37,Los Angeles,Los Angeles - 90822
41114,90831,6,37,Los Angeles,Los Angeles - 90831
41115,91001,6,37,Los Angeles,Los Angeles - 91001
41116,91006,6,37,Los Angeles,Los Angeles - 91006
41117,91007,6,37,Los Angeles,Los Angeles - 91007
41118,91008,6,37,Los Angeles,Los Angeles - 91008
41119,91010,6,37,Los Angeles,Los Angeles - 91010
41120,91011,6,37,Los Angeles,Los Angeles - 91011
41121,91016,6,37,Los Angeles,Los Angeles - 91016
41122,91020,6,37,Los Angeles,Los Angeles - 91020
41123,91024,6,37,Los Angeles,Los Angeles - 91024
41124,91030,6,37,Los Angeles,Los Angeles - 91030
41125,91040,6,37,Los Angeles,Los Angeles - 91040
41126,91042,6,37,Los Angeles,Los Angeles - 91042
41127,91046,6,37,Los Angeles,Los Angeles - 91046
41128,91101,6,37,Los Angeles,Los Angeles - 91101
41129,91103,6,37,Los Angeles,Los Angeles - 91103
41130,91104,6,37,Los Angeles,Los Angeles - 91104
41131,91105,6,37,Los Angeles,Los Angeles - 91105
41132,91106,6,37,Los Angeles,Los Angeles - 91106
41133,91107,6,37,Los Angeles,Los Angeles - 91107
41134,91108,6,37,Los Angeles,Los Angeles - 91108
41135,91201,6,37,Los Angeles,Los Angeles - 91201
41136,91202,6,37,Los Angeles,Los Angeles - 91202
41137,91203,6,37,Los Angeles,Los Angeles - 91203
41138,91204,6,37,Los Angeles,Los Angeles - 91204
41139,91205,6,37,Los Angeles,Los Angeles - 91205
41140,91206,6,37,Los Angeles,Los Angeles - 91206
41141,91207,6,37,Los Angeles,Los Angeles - 91207
41142,91208,6,37,Los Angeles,Los Angeles - 91208
41143,91210,6,37,Los Angeles,Los Angeles - 91210
41144,91214,6,37,Los Angeles,Los Angeles - 91214
41145,91301,6,37,Los Angeles,Los Angeles - 91301
41146,91302,6,37,Los Angeles,Los Angeles - 91302
41147,91303,6,37,Los Angeles,Los Angeles - 91303
41148,91304,6,37,Los Angeles,Los Angeles - 91304
41149,91304,6,111,Ventura,Ventura - 91304
41150,91306,6,37,Los Angeles,Los Angeles - 91306
41151,91307,6,37,Los Angeles,Los Angeles - 91307
41152,91307,6,111,Ventura,Ventura - 91307
41153,91311,6,37,Los Angeles,Los Angeles - 91311
41154,91311,6,111,Ventura,Ventura - 91311
41155,91316,6,37,Los Angeles,Los Angeles - 91316
41156,91320,6,111,Ventura,Ventura - 91320
41157,91321,6,37,Los Angeles,Los Angeles - 91321
41158,91324,6,37,Los Angeles,Los Angeles - 91324
41159,91325,6,37,Los Angeles,Los Angeles - 91325
41160,91326,6,37,Los Angeles,Los Angeles - 91326
41161,91330,6,37,Los Angeles,Los Angeles - 91330
41162,91331,6,37,Los Angeles,Los Angeles - 91331
41163,91335,6,37,Los Angeles,Los Angeles - 91335
41164,91340,6,37,Los Angeles,Los Angeles - 91340
41165,91342,6,37,Los Angeles,Los Angeles - 91342
41166,91343,6,37,Los Angeles,Los Angeles - 91343
41167,91344,6,37,Los Angeles,Los Angeles - 91344
41168,91345,6,37,Los Angeles,Los Angeles - 91345
41169,91350,6,37,Los Angeles,Los Angeles - 91350
41170,91351,6,37,Los Angeles,Los Angeles - 91351
41171,91352,6,37,Los Angeles,Los Angeles - 91352
41172,91354,6,37,Los Angeles,Los Angeles - 91354
41173,91355,6,37,Los Angeles,Los Angeles - 91355
41174,91356,6,37,Los Angeles,Los Angeles - 91356
41175,91360,6,111,Ventura,Ventura - 91360
41176,91361,6,37,Los Angeles,Los Angeles - 91361
41177,91361,6,111,Ventura,Ventura - 91361
41178,91362,6,37,Los Angeles,Los Angeles - 91362
41179,91362,6,111,Ventura,Ventura - 91362
41180,91364,6,37,Los Angeles,Los Angeles - 91364
41181,91367,6,37,Los Angeles,Los Angeles - 91367
41182,91371,6,37,Los Angeles,Los Angeles - 91371
41183,91377,6,111,Ventura,Ventura - 91377
41184,91381,6,37,Los Angeles,Los Angeles - 91381
41185,91384,6,37,Los Angeles,Los Angeles - 91384
41186,91387,6,37,Los Angeles,Los Angeles - 91387
41187,91390,6,37,Los Angeles,Los Angeles - 91390
41188,91401,6,37,Los Angeles,Los Angeles - 91401
41189,91402,6,37,Los Angeles,Los Angeles - 91402
41190,91403,6,37,Los Angeles,Los Angeles - 91403
41191,91405,6,37,Los Angeles,Los Angeles - 91405
41192,91406,6,37,Los Angeles,Los Angeles - 91406
41193,91411,6,37,Los Angeles,Los Angeles - 91411
41194,91423,6,37,Los Angeles,Los Angeles - 91423
41195,91436,6,37,Los Angeles,Los Angeles - 91436
41196,91501,6,37,Los Angeles,Los Angeles - 91501
41197,91502,6,37,Los Angeles,Los Angeles - 91502
41198,91504,6,37,Los Angeles,Los Angeles - 91504
41199,91505,6,37,Los Angeles,Los Angeles - 91505
41200,91506,6,37,Los Angeles,Los Angeles - 91506
41201,91601,6,37,Los Angeles,Los Angeles - 91601
41202,91602,6,37,Los Angeles,Los Angeles - 91602
41203,91604,6,37,Los Angeles,Los Angeles - 91604
41204,91605,6,37,Los Angeles,Los Angeles - 91605
41205,91606,6,37,Los Angeles,Los Angeles - 91606
41206,91607,6,37,Los Angeles,Los Angeles - 91607
41207,91608,6,37,Los Angeles,Los Angeles - 91608
41208,91701,6,71,San Bernardino,San Bernardino - 91701
41209,91702,6,37,Los Angeles,Los Angeles - 91702
41210,91706,6,37,Los Angeles,Los Angeles - 91706
41211,91708,6,71,San Bernardino,San Bernardino - 91708
41212,91709,6,71,San Bernardino,San Bernardino - 91709
41213,91710,6,71,San Bernardino,San Bernardino - 91710
41214,91711,6,37,Los Angeles,Los Angeles - 91711
41215,91722,6,37,Los Angeles,Los Angeles - 91722
41216,91723,6,37,Los Angeles,Los Angeles - 91723
41217,91724,6,37,Los Angeles,Los Angeles - 91724
41218,91730,6,71,San Bernardino,San Bernardino - 91730
41219,91731,6,37,Los Angeles,Los Angeles - 91731
41220,91732,6,37,Los Angeles,Los Angeles - 91732
41221,91733,6,37,Los Angeles,Los Angeles - 91733
41222,91737,6,71,San Bernardino,San Bernardino - 91737
41223,91739,6,71,San Bernardino,San Bernardino - 91739
41224,91740,6,37,Los Angeles,Los Angeles - 91740
41225,91741,6,37,Los Angeles,Los Angeles - 91741
41226,91744,6,37,Los Angeles,Los Angeles - 91744
41227,91745,6,37,Los Angeles,Los Angeles - 91745
41228,91746,6,37,Los Angeles,Los Angeles - 91746
41229,91748,6,37,Los Angeles,Los Angeles - 91748
41230,91750,6,37,Los Angeles,Los Angeles - 91750
41231,91752,6,65,Riverside,Riverside - 91752
41232,91754,6,37,Los Angeles,Los Angeles - 91754
41233,91755,6,37,Los Angeles,Los Angeles - 91755
41234,91759,6,37,Los Angeles,Los Angeles - 91759
41235,91759,6,71,San Bernardino,San Bernardino - 91759
41236,91761,6,71,San Bernardino,San Bernardino - 91761
41237,91762,6,71,San Bernardino,San Bernardino - 91762
41238,91763,6,71,San Bernardino,San Bernardino - 91763
41239,91764,6,71,San Bernardino,San Bernardino - 91764
41240,91765,6,37,Los Angeles,Los Angeles - 91765
41241,91766,6,37,Los Angeles,Los Angeles - 91766
41242,91766,6,71,San Bernardino,San Bernardino - 91766
41243,91767,6,37,Los Angeles,Los Angeles - 91767
41244,91768,6,37,Los Angeles,Los Angeles - 91768
41245,91770,6,37,Los Angeles,Los Angeles - 91770
41246,91773,6,37,Los Angeles,Los Angeles - 91773
41247,91775,6,37,Los Angeles,Los Angeles - 91775
41248,91776,6,37,Los Angeles,Los Angeles - 91776
41249,91780,6,37,Los Angeles,Los Angeles - 91780
41250,91784,6,71,San Bernardino,San Bernardino - 91784
41251,91786,6,71,San Bernardino,San Bernardino - 91786
41252,91789,6,37,Los Angeles,Los Angeles - 91789
41253,91790,6,37,Los Angeles,Los Angeles - 91790
41254,91791,6,37,Los Angeles,Los Angeles - 91791
41255,91792,6,37,Los Angeles,Los Angeles - 91792
41256,91801,6,37,Los Angeles,Los Angeles - 91801
41257,91803,6,37,Los Angeles,Los Angeles - 91803
41258,91901,6,73,San Diego,San Diego - 91901
41259,91902,6,73,San Diego,San Diego - 91902
41260,91905,6,73,San Diego,San Diego - 91905
41261,91906,6,73,San Diego,San Diego - 91906
41262,91910,6,73,San Diego,San Diego - 91910
41263,91911,6,73,San Diego,San Diego - 91911
41264,91913,6,73,San Diego,San Diego - 91913
41265,91914,6,73,San Diego,San Diego - 91914
41266,91915,6,73,San Diego,San Diego - 91915
41267,91916,6,73,San Diego,San Diego - 91916
41268,91917,6,73,San Diego,San Diego - 91917
41269,91931,6,73,San Diego,San Diego - 91931
41270,91932,6,73,San Diego,San Diego - 91932
41271,91934,6,73,San Diego,San Diego - 91934
41272,91935,6,73,San Diego,San Diego - 91935
41273,91941,6,73,San Diego,San Diego - 91941
41274,91942,6,73,San Diego,San Diego - 91942
41275,91945,6,73,San Diego,San Diego - 91945
41276,91948,6,73,San Diego,San Diego - 91948
41277,91950,6,73,San Diego,San Diego - 91950
41278,91962,6,73,San Diego,San Diego - 91962
41279,91963,6,73,San Diego,San Diego - 91963
41280,91977,6,73,San Diego,San Diego - 91977
41281,91978,6,73,San Diego,San Diego - 91978
41282,91980,6,73,San Diego,San Diego - 91980
41283,92003,6,73,San Diego,San Diego - 92003
41284,92004,6,25,Imperial,Imperial - 92004
41285,92004,6,73,San Diego,San Diego - 92004
41286,92007,6,73,San Diego,San Diego - 92007
41287,92008,6,73,San Diego,San Diego - 92008
41288,92009,6,73,San Diego,San Diego - 92009
41289,92010,6,73,San Diego,San Diego - 92010
41290,92011,6,73,San Diego,San Diego - 92011
41291,92014,6,73,San Diego,San Diego - 92014
41292,92019,6,73,San Diego,San Diego - 92019
41293,92020,6,73,San Diego,San Diego - 92020
41294,92021,6,73,San Diego,San Diego - 92021
41295,92024,6,73,San Diego,San Diego - 92024
41296,92025,6,73,San Diego,San Diego - 92025
41297,92026,6,73,San Diego,San Diego - 92026
41298,92027,6,73,San Diego,San Diego - 92027
41299,92028,6,65,Riverside,Riverside - 92028
41300,92028,6,73,San Diego,San Diego - 92028
41301,92029,6,73,San Diego,San Diego - 92029
41302,92036,6,73,San Diego,San Diego - 92036
41303,92037,6,73,San Diego,San Diego - 92037
41304,92040,6,73,San Diego,San Diego - 92040
41305,92054,6,73,San Diego,San Diego - 92054
41306,92055,6,73,San Diego,San Diego - 92055
41307,92056,6,73,San Diego,San Diego - 92056
41308,92057,6,73,San Diego,San Diego - 92057
41309,92058,6,73,San Diego,San Diego - 92058
41310,92059,6,73,San Diego,San Diego - 92059
41311,92060,6,73,San Diego,San Diego - 92060
41312,92061,6,73,San Diego,San Diego - 92061
41313,92064,6,73,San Diego,San Diego - 92064
41314,92065,6,73,San Diego,San Diego - 92065
41315,92066,6,73,San Diego,San Diego - 92066
41316,92067,6,73,San Diego,San Diego - 92067
41317,92069,6,73,San Diego,San Diego - 92069
41318,92070,6,73,San Diego,San Diego - 92070
41319,92071,6,73,San Diego,San Diego - 92071
41320,92075,6,73,San Diego,San Diego - 92075
41321,92078,6,73,San Diego,San Diego - 92078
41322,92081,6,73,San Diego,San Diego - 92081
41323,92082,6,73,San Diego,San Diego - 92082
41324,92083,6,73,San Diego,San Diego - 92083
41325,92084,6,73,San Diego,San Diego - 92084
41326,92086,6,73,San Diego,San Diego - 92086
41327,92091,6,73,San Diego,San Diego - 92091
41328,92101,6,73,San Diego,San Diego - 92101
41329,92102,6,73,San Diego,San Diego - 92102
41330,92103,6,73,San Diego,San Diego - 92103
41331,92104,6,73,San Diego,San Diego - 92104
41332,92105,6,73,San Diego,San Diego - 92105
41333,92106,6,73,San Diego,San Diego - 92106
41334,92107,6,73,San Diego,San Diego - 92107
41335,92108,6,73,San Diego,San Diego - 92108
41336,92109,6,73,San Diego,San Diego - 92109
41337,92110,6,73,San Diego,San Diego - 92110
41338,92111,6,73,San Diego,San Diego - 92111
41339,92113,6,73,San Diego,San Diego - 92113
41340,92114,6,73,San Diego,San Diego - 92114
41341,92115,6,73,San Diego,San Diego - 92115
41342,92116,6,73,San Diego,San Diego - 92116
41343,92117,6,73,San Diego,San Diego - 92117
41344,92118,6,73,San Diego,San Diego - 92118
41345,92119,6,73,San Diego,San Diego - 92119
41346,92120,6,73,San Diego,San Diego - 92120
41347,92121,6,73,San Diego,San Diego - 92121
41348,92122,6,73,San Diego,San Diego - 92122
41349,92123,6,73,San Diego,San Diego - 92123
41350,92124,6,73,San Diego,San Diego - 92124
41351,92126,6,73,San Diego,San Diego - 92126
41352,92127,6,73,San Diego,San Diego - 92127
41353,92128,6,73,San Diego,San Diego - 92128
41354,92129,6,73,San Diego,San Diego - 92129
41355,92130,6,73,San Diego,San Diego - 92130
41356,92131,6,73,San Diego,San Diego - 92131
41357,92132,6,73,San Diego,San Diego - 92132
41358,92134,6,73,San Diego,San Diego - 92134
41359,92135,6,73,San Diego,San Diego - 92135
41360,92139,6,73,San Diego,San Diego - 92139
41361,92140,6,73,San Diego,San Diego - 92140
41362,92145,6,73,San Diego,San Diego - 92145
41363,92147,6,73,San Diego,San Diego - 92147
41364,92154,6,73,San Diego,San Diego - 92154
41365,92155,6,73,San Diego,San Diego - 92155
41366,92173,6,73,San Diego,San Diego - 92173
41367,92201,6,65,Riverside,Riverside - 92201
41368,92203,6,65,Riverside,Riverside - 92203
41369,92210,6,65,Riverside,Riverside - 92210
41370,92211,6,65,Riverside,Riverside - 92211
41371,92220,6,65,Riverside,Riverside - 92220
41372,92222,6,25,Imperial,Imperial - 92222
41373,92223,6,65,Riverside,Riverside - 92223
41374,92225,6,25,Imperial,Imperial - 92225
41375,92225,6,65,Riverside,Riverside - 92225
41376,92227,6,25,Imperial,Imperial - 92227
41377,92230,6,65,Riverside,Riverside - 92230
41378,92231,6,25,Imperial,Imperial - 92231
41379,92233,6,25,Imperial,Imperial - 92233
41380,92234,6,65,Riverside,Riverside - 92234
41381,92236,6,65,Riverside,Riverside - 92236
41382,92239,6,65,Riverside,Riverside - 92239
41383,92240,6,65,Riverside,Riverside - 92240
41384,92241,6,65,Riverside,Riverside - 92241
41385,92242,6,71,San Bernardino,San Bernardino - 92242
41386,92243,6,25,Imperial,Imperial - 92243
41387,92249,6,25,Imperial,Imperial - 92249
41388,92250,6,25,Imperial,Imperial - 92250
41389,92251,6,25,Imperial,Imperial - 92251
41390,92252,6,71,San Bernardino,San Bernardino - 92252
41391,92253,6,65,Riverside,Riverside - 92253
41392,92254,6,65,Riverside,Riverside - 92254
41393,92256,6,71,San Bernardino,San Bernardino - 92256
41394,92257,6,25,Imperial,Imperial - 92257
41395,92258,6,65,Riverside,Riverside - 92258
41396,92259,6,25,Imperial,Imperial - 92259
41397,92260,6,65,Riverside,Riverside - 92260
41398,92262,6,65,Riverside,Riverside - 92262
41399,92264,6,65,Riverside,Riverside - 92264
41400,92266,6,25,Imperial,Imperial - 92266
41401,92267,6,71,San Bernardino,San Bernardino - 92267
41402,92268,6,71,San Bernardino,San Bernardino - 92268
41403,92270,6,65,Riverside,Riverside - 92270
41404,92273,6,25,Imperial,Imperial - 92273
41405,92274,6,25,Imperial,Imperial - 92274
41406,92274,6,65,Riverside,Riverside - 92274
41407,92275,6,25,Imperial,Imperial - 92275
41408,92276,6,65,Riverside,Riverside - 92276
41409,92277,6,65,Riverside,Riverside - 92277
41410,92277,6,71,San Bernardino,San Bernardino - 92277
41411,92278,6,71,San Bernardino,San Bernardino - 92278
41412,92280,6,71,San Bernardino,San Bernardino - 92280
41413,92281,6,25,Imperial,Imperial - 92281
41414,92282,6,65,Riverside,Riverside - 92282
41415,92283,6,25,Imperial,Imperial - 92283
41416,92284,6,71,San Bernardino,San Bernardino - 92284
41417,92285,6,71,San Bernardino,San Bernardino - 92285
41418,92301,6,71,San Bernardino,San Bernardino - 92301
41419,92304,6,71,San Bernardino,San Bernardino - 92304
41420,92305,6,71,San Bernardino,San Bernardino - 92305
41421,92307,6,71,San Bernardino,San Bernardino - 92307
41422,92308,6,71,San Bernardino,San Bernardino - 92308
41423,92309,6,71,San Bernardino,San Bernardino - 92309
41424,92310,6,71,San Bernardino,San Bernardino - 92310
41425,92311,6,71,San Bernardino,San Bernardino - 92311
41426,92313,6,71,San Bernardino,San Bernardino - 92313
41427,92314,6,71,San Bernardino,San Bernardino - 92314
41428,92315,6,71,San Bernardino,San Bernardino - 92315
41429,92316,6,71,San Bernardino,San Bernardino - 92316
41430,92320,6,65,Riverside,Riverside - 92320
41431,92321,6,71,San Bernardino,San Bernardino - 92321
41432,92322,6,71,San Bernardino,San Bernardino - 92322
41433,92324,6,65,Riverside,Riverside - 92324
41434,92324,6,71,San Bernardino,San Bernardino - 92324
41435,92325,6,71,San Bernardino,San Bernardino - 92325
41436,92327,6,71,San Bernardino,San Bernardino - 92327
41437,92328,6,27,Inyo,Inyo - 92328
41438,92332,6,71,San Bernardino,San Bernardino - 92332
41439,92333,6,71,San Bernardino,San Bernardino - 92333
41440,92335,6,71,San Bernardino,San Bernardino - 92335
41441,92336,6,71,San Bernardino,San Bernardino - 92336
41442,92337,6,71,San Bernardino,San Bernardino - 92337
41443,92338,6,71,San Bernardino,San Bernardino - 92338
41444,92339,6,71,San Bernardino,San Bernardino - 92339
41445,92341,6,71,San Bernardino,San Bernardino - 92341
41446,92342,6,71,San Bernardino,San Bernardino - 92342
41447,92344,6,71,San Bernardino,San Bernardino - 92344
41448,92345,6,71,San Bernardino,San Bernardino - 92345
41449,92346,6,71,San Bernardino,San Bernardino - 92346
41450,92347,6,71,San Bernardino,San Bernardino - 92347
41451,92352,6,71,San Bernardino,San Bernardino - 92352
41452,92354,6,71,San Bernardino,San Bernardino - 92354
41453,92356,6,71,San Bernardino,San Bernardino - 92356
41454,92358,6,71,San Bernardino,San Bernardino - 92358
41455,92359,6,71,San Bernardino,San Bernardino - 92359
41456,92363,6,71,San Bernardino,San Bernardino - 92363
41457,92364,6,71,San Bernardino,San Bernardino - 92364
41458,92365,6,71,San Bernardino,San Bernardino - 92365
41459,92368,6,71,San Bernardino,San Bernardino - 92368
41460,92371,6,71,San Bernardino,San Bernardino - 92371
41461,92372,6,71,San Bernardino,San Bernardino - 92372
41462,92373,6,65,Riverside,Riverside - 92373
41463,92373,6,71,San Bernardino,San Bernardino - 92373
41464,92374,6,71,San Bernardino,San Bernardino - 92374
41465,92376,6,71,San Bernardino,San Bernardino - 92376
41466,92377,6,71,San Bernardino,San Bernardino - 92377
41467,92378,6,71,San Bernardino,San Bernardino - 92378
41468,92382,6,71,San Bernardino,San Bernardino - 92382
41469,92384,6,27,Inyo,Inyo - 92384
41470,92385,6,71,San Bernardino,San Bernardino - 92385
41471,92386,6,71,San Bernardino,San Bernardino - 92386
41472,92389,6,27,Inyo,Inyo - 92389
41473,92391,6,71,San Bernardino,San Bernardino - 92391
41474,92392,6,71,San Bernardino,San Bernardino - 92392
41475,92394,6,71,San Bernardino,San Bernardino - 92394
41476,92395,6,71,San Bernardino,San Bernardino - 92395
41477,92397,6,37,Los Angeles,Los Angeles - 92397
41478,92397,6,71,San Bernardino,San Bernardino - 92397
41479,92398,6,71,San Bernardino,San Bernardino - 92398
41480,92399,6,65,Riverside,Riverside - 92399
41481,92399,6,71,San Bernardino,San Bernardino - 92399
41482,92401,6,71,San Bernardino,San Bernardino - 92401
41483,92404,6,71,San Bernardino,San Bernardino - 92404
41484,92405,6,71,San Bernardino,San Bernardino - 92405
41485,92407,6,71,San Bernardino,San Bernardino - 92407
41486,92408,6,71,San Bernardino,San Bernardino - 92408
41487,92410,6,71,San Bernardino,San Bernardino - 92410
41488,92411,6,71,San Bernardino,San Bernardino - 92411
41489,92501,6,65,Riverside,Riverside - 92501
41490,92503,6,65,Riverside,Riverside - 92503
41491,92504,6,65,Riverside,Riverside - 92504
41492,92505,6,65,Riverside,Riverside - 92505
41493,92506,6,65,Riverside,Riverside - 92506
41494,92507,6,65,Riverside,Riverside - 92507
41495,92508,6,65,Riverside,Riverside - 92508
41496,92509,6,65,Riverside,Riverside - 92509
41497,92509,6,71,San Bernardino,San Bernardino - 92509
41498,92518,6,65,Riverside,Riverside - 92518
41499,92530,6,59,Orange,Orange - 92530
41500,92530,6,65,Riverside,Riverside - 92530
41501,92532,6,65,Riverside,Riverside - 92532
41502,92536,6,65,Riverside,Riverside - 92536
41503,92539,6,65,Riverside,Riverside - 92539
41504,92543,6,65,Riverside,Riverside - 92543
41505,92544,6,65,Riverside,Riverside - 92544
41506,92545,6,65,Riverside,Riverside - 92545
41507,92548,6,65,Riverside,Riverside - 92548
41508,92549,6,65,Riverside,Riverside - 92549
41509,92551,6,65,Riverside,Riverside - 92551
41510,92553,6,65,Riverside,Riverside - 92553
41511,92555,6,65,Riverside,Riverside - 92555
41512,92557,6,65,Riverside,Riverside - 92557
41513,92561,6,65,Riverside,Riverside - 92561
41514,92562,6,65,Riverside,Riverside - 92562
41515,92563,6,65,Riverside,Riverside - 92563
41516,92567,6,65,Riverside,Riverside - 92567
41517,92570,6,65,Riverside,Riverside - 92570
41518,92571,6,65,Riverside,Riverside - 92571
41519,92582,6,65,Riverside,Riverside - 92582
41520,92583,6,65,Riverside,Riverside - 92583
41521,92584,6,65,Riverside,Riverside - 92584
41522,92585,6,65,Riverside,Riverside - 92585
41523,92586,6,65,Riverside,Riverside - 92586
41524,92587,6,65,Riverside,Riverside - 92587
41525,92590,6,65,Riverside,Riverside - 92590
41526,92591,6,65,Riverside,Riverside - 92591
41527,92592,6,65,Riverside,Riverside - 92592
41528,92595,6,65,Riverside,Riverside - 92595
41529,92596,6,65,Riverside,Riverside - 92596
41530,92602,6,59,Orange,Orange - 92602
41531,92603,6,59,Orange,Orange - 92603
41532,92604,6,59,Orange,Orange - 92604
41533,92606,6,59,Orange,Orange - 92606
41534,92610,6,59,Orange,Orange - 92610
41535,92612,6,59,Orange,Orange - 92612
41536,92614,6,59,Orange,Orange - 92614
41537,92617,6,59,Orange,Orange - 92617
41538,92618,6,59,Orange,Orange - 92618
41539,92620,6,59,Orange,Orange - 92620
41540,92624,6,59,Orange,Orange - 92624
41541,92625,6,59,Orange,Orange - 92625
41542,92626,6,59,Orange,Orange - 92626
41543,92627,6,59,Orange,Orange - 92627
41544,92629,6,59,Orange,Orange - 92629
41545,92630,6,59,Orange,Orange - 92630
41546,92637,6,59,Orange,Orange - 92637
41547,92646,6,59,Orange,Orange - 92646
41548,92647,6,59,Orange,Orange - 92647
41549,92648,6,59,Orange,Orange - 92648
41550,92649,6,59,Orange,Orange - 92649
41551,92651,6,59,Orange,Orange - 92651
41552,92653,6,59,Orange,Orange - 92653
41553,92655,6,59,Orange,Orange - 92655
41554,92656,6,59,Orange,Orange - 92656
41555,92657,6,59,Orange,Orange - 92657
41556,92660,6,59,Orange,Orange - 92660
41557,92661,6,59,Orange,Orange - 92661
41558,92662,6,59,Orange,Orange - 92662
41559,92663,6,59,Orange,Orange - 92663
41560,92672,6,59,Orange,Orange - 92672
41561,92672,6,73,San Diego,San Diego - 92672
41562,92673,6,59,Orange,Orange - 92673
41563,92675,6,59,Orange,Orange - 92675
41564,92676,6,59,Orange,Orange - 92676
41565,92677,6,59,Orange,Orange - 92677
41566,92678,6,59,Orange,Orange - 92678
41567,92679,6,59,Orange,Orange - 92679
41568,92683,6,59,Orange,Orange - 92683
41569,92688,6,59,Orange,Orange - 92688
41570,92691,6,59,Orange,Orange - 92691
41571,92692,6,59,Orange,Orange - 92692
41572,92694,6,59,Orange,Orange - 92694
41573,92701,6,59,Orange,Orange - 92701
41574,92703,6,59,Orange,Orange - 92703
41575,92704,6,59,Orange,Orange - 92704
41576,92705,6,59,Orange,Orange - 92705
41577,92706,6,59,Orange,Orange - 92706
41578,92707,6,59,Orange,Orange - 92707
41579,92708,6,59,Orange,Orange - 92708
41580,92780,6,59,Orange,Orange - 92780
41581,92782,6,59,Orange,Orange - 92782
41582,92801,6,59,Orange,Orange - 92801
41583,92802,6,59,Orange,Orange - 92802
41584,92804,6,59,Orange,Orange - 92804
41585,92805,6,59,Orange,Orange - 92805
41586,92806,6,59,Orange,Orange - 92806
41587,92807,6,59,Orange,Orange - 92807
41588,92808,6,59,Orange,Orange - 92808
41589,92821,6,59,Orange,Orange - 92821
41590,92823,6,59,Orange,Orange - 92823
41591,92831,6,59,Orange,Orange - 92831
41592,92832,6,59,Orange,Orange - 92832
41593,92833,6,59,Orange,Orange - 92833
41594,92835,6,59,Orange,Orange - 92835
41595,92840,6,59,Orange,Orange - 92840
41596,92841,6,59,Orange,Orange - 92841
41597,92843,6,59,Orange,Orange - 92843
41598,92844,6,59,Orange,Orange - 92844
41599,92845,6,59,Orange,Orange - 92845
41600,92860,6,65,Riverside,Riverside - 92860
41601,92861,6,59,Orange,Orange - 92861
41602,92865,6,59,Orange,Orange - 92865
41603,92866,6,59,Orange,Orange - 92866
41604,92867,6,59,Orange,Orange - 92867
41605,92868,6,59,Orange,Orange - 92868
41606,92869,6,59,Orange,Orange - 92869
41607,92870,6,59,Orange,Orange - 92870
41608,92879,6,65,Riverside,Riverside - 92879
41609,92880,6,65,Riverside,Riverside - 92880
41610,92880,6,71,San Bernardino,San Bernardino - 92880
41611,92881,6,65,Riverside,Riverside - 92881
41612,92882,6,65,Riverside,Riverside - 92882
41613,92883,6,65,Riverside,Riverside - 92883
41614,92886,6,59,Orange,Orange - 92886
41615,92887,6,59,Orange,Orange - 92887
41616,93001,6,83,Santa Barbara,Santa Barbara - 93001
41617,93001,6,111,Ventura,Ventura - 93001
41618,93003,6,111,Ventura,Ventura - 93003
41619,93004,6,111,Ventura,Ventura - 93004
41620,93010,6,111,Ventura,Ventura - 93010
41621,93012,6,111,Ventura,Ventura - 93012
41622,93013,6,83,Santa Barbara,Santa Barbara - 93013
41623,93013,6,111,Ventura,Ventura - 93013
41624,93015,6,111,Ventura,Ventura - 93015
41625,93021,6,111,Ventura,Ventura - 93021
41626,93022,6,111,Ventura,Ventura - 93022
41627,93023,6,111,Ventura,Ventura - 93023
41628,93030,6,111,Ventura,Ventura - 93030
41629,93033,6,111,Ventura,Ventura - 93033
41630,93035,6,111,Ventura,Ventura - 93035
41631,93036,6,111,Ventura,Ventura - 93036
41632,93040,6,111,Ventura,Ventura - 93040
41633,93041,6,111,Ventura,Ventura - 93041
41634,93042,6,111,Ventura,Ventura - 93042
41635,93043,6,111,Ventura,Ventura - 93043
41636,93060,6,111,Ventura,Ventura - 93060
41637,93063,6,111,Ventura,Ventura - 93063
41638,93064,6,111,Ventura,Ventura - 93064
41639,93065,6,111,Ventura,Ventura - 93065
41640,93066,6,111,Ventura,Ventura - 93066
41641,93067,6,83,Santa Barbara,Santa Barbara - 93067
41642,93101,6,83,Santa Barbara,Santa Barbara - 93101
41643,93103,6,83,Santa Barbara,Santa Barbara - 93103
41644,93105,6,83,Santa Barbara,Santa Barbara - 93105
41645,93108,6,83,Santa Barbara,Santa Barbara - 93108
41646,93109,6,83,Santa Barbara,Santa Barbara - 93109
41647,93110,6,83,Santa Barbara,Santa Barbara - 93110
41648,93111,6,83,Santa Barbara,Santa Barbara - 93111
41649,93117,6,83,Santa Barbara,Santa Barbara - 93117
41650,93201,6,31,Kings,Kings - 93201
41651,93201,6,107,Tulare,Tulare - 93201
41652,93202,6,31,Kings,Kings - 93202
41653,93203,6,29,Kern,Kern - 93203
41654,93204,6,31,Kings,Kings - 93204
41655,93205,6,29,Kern,Kern - 93205
41656,93206,6,29,Kern,Kern - 93206
41657,93207,6,107,Tulare,Tulare - 93207
41658,93208,6,107,Tulare,Tulare - 93208
41659,93210,6,19,Fresno,Fresno - 93210
41660,93210,6,53,Monterey,Monterey - 93210
41661,93210,6,69,San Benito,San Benito - 93210
41662,93212,6,31,Kings,Kings - 93212
41663,93212,6,107,Tulare,Tulare - 93212
41664,93215,6,29,Kern,Kern - 93215
41665,93215,6,107,Tulare,Tulare - 93215
41666,93218,6,107,Tulare,Tulare - 93218
41667,93219,6,107,Tulare,Tulare - 93219
41668,93220,6,29,Kern,Kern - 93220
41669,93221,6,107,Tulare,Tulare - 93221
41670,93222,6,29,Kern,Kern - 93222
41671,93223,6,107,Tulare,Tulare - 93223
41672,93224,6,29,Kern,Kern - 93224
41673,93225,6,29,Kern,Kern - 93225
41674,93225,6,111,Ventura,Ventura - 93225
41675,93226,6,29,Kern,Kern - 93226
41676,93230,6,31,Kings,Kings - 93230
41677,93234,6,19,Fresno,Fresno - 93234
41678,93235,6,107,Tulare,Tulare - 93235
41679,93238,6,29,Kern,Kern - 93238
41680,93238,6,107,Tulare,Tulare - 93238
41681,93239,6,31,Kings,Kings - 93239
41682,93240,6,29,Kern,Kern - 93240
41683,93241,6,29,Kern,Kern - 93241
41684,93242,6,19,Fresno,Fresno - 93242
41685,93242,6,31,Kings,Kings - 93242
41686,93243,6,29,Kern,Kern - 93243
41687,93243,6,37,Los Angeles,Los Angeles - 93243
41688,93244,6,107,Tulare,Tulare - 93244
41689,93245,6,31,Kings,Kings - 93245
41690,93247,6,107,Tulare,Tulare - 93247
41691,93249,6,29,Kern,Kern - 93249
41692,93250,6,29,Kern,Kern - 93250
41693,93251,6,29,Kern,Kern - 93251
41694,93252,6,29,Kern,Kern - 93252
41695,93252,6,79,San Luis Obispo,San Luis Obispo - 93252
41696,93252,6,83,Santa Barbara,Santa Barbara - 93252
41697,93252,6,111,Ventura,Ventura - 93252
41698,93254,6,79,San Luis Obispo,San Luis Obispo - 93254
41699,93254,6,83,Santa Barbara,Santa Barbara - 93254
41700,93255,6,29,Kern,Kern - 93255
41701,93256,6,107,Tulare,Tulare - 93256
41702,93257,6,107,Tulare,Tulare - 93257
41703,93258,6,107,Tulare,Tulare - 93258
41704,93260,6,107,Tulare,Tulare - 93260
41705,93261,6,107,Tulare,Tulare - 93261
41706,93262,6,107,Tulare,Tulare - 93262
41707,93263,6,29,Kern,Kern - 93263
41708,93265,6,107,Tulare,Tulare - 93265
41709,93266,6,31,Kings,Kings - 93266
41710,93267,6,107,Tulare,Tulare - 93267
41711,93268,6,29,Kern,Kern - 93268
41712,93270,6,107,Tulare,Tulare - 93270
41713,93271,6,107,Tulare,Tulare - 93271
41714,93272,6,107,Tulare,Tulare - 93272
41715,93274,6,107,Tulare,Tulare - 93274
41716,93276,6,29,Kern,Kern - 93276
41717,93277,6,107,Tulare,Tulare - 93277
41718,93280,6,29,Kern,Kern - 93280
41719,93283,6,29,Kern,Kern - 93283
41720,93285,6,29,Kern,Kern - 93285
41721,93286,6,107,Tulare,Tulare - 93286
41722,93287,6,29,Kern,Kern - 93287
41723,93291,6,107,Tulare,Tulare - 93291
41724,93292,6,107,Tulare,Tulare - 93292
41725,93301,6,29,Kern,Kern - 93301
41726,93304,6,29,Kern,Kern - 93304
41727,93305,6,29,Kern,Kern - 93305
41728,93306,6,29,Kern,Kern - 93306
41729,93307,6,29,Kern,Kern - 93307
41730,93308,6,29,Kern,Kern - 93308
41731,93309,6,29,Kern,Kern - 93309
41732,93311,6,29,Kern,Kern - 93311
41733,93312,6,29,Kern,Kern - 93312
41734,93313,6,29,Kern,Kern - 93313
41735,93314,6,29,Kern,Kern - 93314
41736,93401,6,79,San Luis Obispo,San Luis Obispo - 93401
41737,93402,6,79,San Luis Obispo,San Luis Obispo - 93402
41738,93405,6,79,San Luis Obispo,San Luis Obispo - 93405
41739,93410,6,79,San Luis Obispo,San Luis Obispo - 93410
41740,93420,6,79,San Luis Obispo,San Luis Obispo - 93420
41741,93422,6,79,San Luis Obispo,San Luis Obispo - 93422
41742,93424,6,79,San Luis Obispo,San Luis Obispo - 93424
41743,93426,6,53,Monterey,Monterey - 93426
41744,93426,6,79,San Luis Obispo,San Luis Obispo - 93426
41745,93427,6,83,Santa Barbara,Santa Barbara - 93427
41746,93428,6,79,San Luis Obispo,San Luis Obispo - 93428
41747,93429,6,83,Santa Barbara,Santa Barbara - 93429
41748,93430,6,79,San Luis Obispo,San Luis Obispo - 93430
41749,93432,6,79,San Luis Obispo,San Luis Obispo - 93432
41750,93433,6,79,San Luis Obispo,San Luis Obispo - 93433
41751,93434,6,83,Santa Barbara,Santa Barbara - 93434
41752,93436,6,83,Santa Barbara,Santa Barbara - 93436
41753,93437,6,83,Santa Barbara,Santa Barbara - 93437
41754,93440,6,83,Santa Barbara,Santa Barbara - 93440
41755,93441,6,83,Santa Barbara,Santa Barbara - 93441
41756,93442,6,79,San Luis Obispo,San Luis Obispo - 93442
41757,93444,6,79,San Luis Obispo,San Luis Obispo - 93444
41758,93445,6,79,San Luis Obispo,San Luis Obispo - 93445
41759,93446,6,79,San Luis Obispo,San Luis Obispo - 93446
41760,93449,6,79,San Luis Obispo,San Luis Obispo - 93449
41761,93450,6,53,Monterey,Monterey - 93450
41762,93451,6,53,Monterey,Monterey - 93451
41763,93451,6,79,San Luis Obispo,San Luis Obispo - 93451
41764,93452,6,79,San Luis Obispo,San Luis Obispo - 93452
41765,93453,6,79,San Luis Obispo,San Luis Obispo - 93453
41766,93454,6,79,San Luis Obispo,San Luis Obispo - 93454
41767,93454,6,83,Santa Barbara,Santa Barbara - 93454
41768,93455,6,83,Santa Barbara,Santa Barbara - 93455
41769,93458,6,79,San Luis Obispo,San Luis Obispo - 93458
41770,93458,6,83,Santa Barbara,Santa Barbara - 93458
41771,93460,6,83,Santa Barbara,Santa Barbara - 93460
41772,93461,6,29,Kern,Kern - 93461
41773,93461,6,53,Monterey,Monterey - 93461
41774,93461,6,79,San Luis Obispo,San Luis Obispo - 93461
41775,93463,6,83,Santa Barbara,Santa Barbara - 93463
41776,93465,6,79,San Luis Obispo,San Luis Obispo - 93465
41777,93501,6,29,Kern,Kern - 93501
41778,93505,6,29,Kern,Kern - 93505
41779,93510,6,37,Los Angeles,Los Angeles - 93510
41780,93512,6,51,Mono,Mono - 93512
41781,93513,6,27,Inyo,Inyo - 93513
41782,93514,6,27,Inyo,Inyo - 93514
41783,93514,6,51,Mono,Mono - 93514
41784,93516,6,29,Kern,Kern - 93516
41785,93516,6,71,San Bernardino,San Bernardino - 93516
41786,93517,6,51,Mono,Mono - 93517
41787,93518,6,29,Kern,Kern - 93518
41788,93519,6,29,Kern,Kern - 93519
41789,93522,6,27,Inyo,Inyo - 93522
41790,93523,6,29,Kern,Kern - 93523
41791,93524,6,29,Kern,Kern - 93524
41792,93526,6,27,Inyo,Inyo - 93526
41793,93527,6,27,Inyo,Inyo - 93527
41794,93527,6,29,Kern,Kern - 93527
41795,93527,6,107,Tulare,Tulare - 93527
41796,93528,6,29,Kern,Kern - 93528
41797,93529,6,51,Mono,Mono - 93529
41798,93530,6,27,Inyo,Inyo - 93530
41799,93531,6,29,Kern,Kern - 93531
41800,93532,6,37,Los Angeles,Los Angeles - 93532
41801,93534,6,37,Los Angeles,Los Angeles - 93534
41802,93535,6,37,Los Angeles,Los Angeles - 93535
41803,93536,6,37,Los Angeles,Los Angeles - 93536
41804,93541,6,51,Mono,Mono - 93541
41805,93543,6,37,Los Angeles,Los Angeles - 93543
41806,93544,6,37,Los Angeles,Los Angeles - 93544
41807,93545,6,27,Inyo,Inyo - 93545
41808,93546,6,51,Mono,Mono - 93546
41809,93549,6,27,Inyo,Inyo - 93549
41810,93550,6,37,Los Angeles,Los Angeles - 93550
41811,93551,6,37,Los Angeles,Los Angeles - 93551
41812,93552,6,37,Los Angeles,Los Angeles - 93552
41813,93553,6,37,Los Angeles,Los Angeles - 93553
41814,93554,6,29,Kern,Kern - 93554
41815,93555,6,29,Kern,Kern - 93555
41816,93555,6,71,San Bernardino,San Bernardino - 93555
41817,93558,6,71,San Bernardino,San Bernardino - 93558
41818,93560,6,29,Kern,Kern - 93560
41819,93560,6,37,Los Angeles,Los Angeles - 93560
41820,93561,6,29,Kern,Kern - 93561
41821,93562,6,71,San Bernardino,San Bernardino - 93562
41822,93563,6,37,Los Angeles,Los Angeles - 93563
41823,93591,6,37,Los Angeles,Los Angeles - 93591
41824,93592,6,27,Inyo,Inyo - 93592
41825,93601,6,39,Madera,Madera - 93601
41826,93601,6,43,Mariposa,Mariposa - 93601
41827,93602,6,19,Fresno,Fresno - 93602
41828,93603,6,107,Tulare,Tulare - 93603
41829,93604,6,39,Madera,Madera - 93604
41830,93605,6,19,Fresno,Fresno - 93605
41831,93606,6,19,Fresno,Fresno - 93606
41832,93608,6,19,Fresno,Fresno - 93608
41833,93609,6,19,Fresno,Fresno - 93609
41834,93610,6,39,Madera,Madera - 93610
41835,93610,6,47,Merced,Merced - 93610
41836,93611,6,19,Fresno,Fresno - 93611
41837,93612,6,19,Fresno,Fresno - 93612
41838,93614,6,39,Madera,Madera - 93614
41839,93615,6,107,Tulare,Tulare - 93615
41840,93616,6,19,Fresno,Fresno - 93616
41841,93618,6,19,Fresno,Fresno - 93618
41842,93618,6,107,Tulare,Tulare - 93618
41843,93619,6,19,Fresno,Fresno - 93619
41844,93619,6,107,Tulare,Tulare - 93619
41845,93620,6,19,Fresno,Fresno - 93620
41846,93620,6,47,Merced,Merced - 93620
41847,93621,6,19,Fresno,Fresno - 93621
41848,93622,6,19,Fresno,Fresno - 93622
41849,93622,6,39,Madera,Madera - 93622
41850,93622,6,47,Merced,Merced - 93622
41851,93623,6,39,Madera,Madera - 93623
41852,93623,6,43,Mariposa,Mariposa - 93623
41853,93624,6,19,Fresno,Fresno - 93624
41854,93625,6,19,Fresno,Fresno - 93625
41855,93626,6,19,Fresno,Fresno - 93626
41856,93626,6,39,Madera,Madera - 93626
41857,93627,6,19,Fresno,Fresno - 93627
41858,93628,6,19,Fresno,Fresno - 93628
41859,93630,6,19,Fresno,Fresno - 93630
41860,93631,6,19,Fresno,Fresno - 93631
41861,93631,6,31,Kings,Kings - 93631
41862,93631,6,107,Tulare,Tulare - 93631
41863,93633,6,19,Fresno,Fresno - 93633
41864,93633,6,107,Tulare,Tulare - 93633
41865,93634,6,19,Fresno,Fresno - 93634
41866,93635,6,47,Merced,Merced - 93635
41867,93636,6,39,Madera,Madera - 93636
41868,93637,6,39,Madera,Madera - 93637
41869,93638,6,39,Madera,Madera - 93638
41870,93640,6,19,Fresno,Fresno - 93640
41871,93641,6,19,Fresno,Fresno - 93641
41872,93643,6,39,Madera,Madera - 93643
41873,93644,6,39,Madera,Madera - 93644
41874,93645,6,39,Madera,Madera - 93645
41875,93646,6,19,Fresno,Fresno - 93646
41876,93646,6,107,Tulare,Tulare - 93646
41877,93647,6,107,Tulare,Tulare - 93647
41878,93648,6,19,Fresno,Fresno - 93648
41879,93650,6,19,Fresno,Fresno - 93650
41880,93651,6,19,Fresno,Fresno - 93651
41881,93652,6,19,Fresno,Fresno - 93652
41882,93653,6,39,Madera,Madera - 93653
41883,93653,6,43,Mariposa,Mariposa - 93653
41884,93654,6,19,Fresno,Fresno - 93654
41885,93654,6,107,Tulare,Tulare - 93654
41886,93656,6,19,Fresno,Fresno - 93656
41887,93656,6,31,Kings,Kings - 93656
41888,93657,6,19,Fresno,Fresno - 93657
41889,93660,6,19,Fresno,Fresno - 93660
41890,93662,6,19,Fresno,Fresno - 93662
41891,93664,6,19,Fresno,Fresno - 93664
41892,93665,6,47,Merced,Merced - 93665
41893,93666,6,107,Tulare,Tulare - 93666
41894,93667,6,19,Fresno,Fresno - 93667
41895,93668,6,19,Fresno,Fresno - 93668
41896,93669,6,39,Madera,Madera - 93669
41897,93673,6,107,Tulare,Tulare - 93673
41898,93675,6,19,Fresno,Fresno - 93675
41899,93701,6,19,Fresno,Fresno - 93701
41900,93702,6,19,Fresno,Fresno - 93702
41901,93703,6,19,Fresno,Fresno - 93703
41902,93704,6,19,Fresno,Fresno - 93704
41903,93705,6,19,Fresno,Fresno - 93705
41904,93706,6,19,Fresno,Fresno - 93706
41905,93710,6,19,Fresno,Fresno - 93710
41906,93711,6,19,Fresno,Fresno - 93711
41907,93720,6,19,Fresno,Fresno - 93720
41908,93721,6,19,Fresno,Fresno - 93721
41909,93722,6,19,Fresno,Fresno - 93722
41910,93723,6,19,Fresno,Fresno - 93723
41911,93725,6,19,Fresno,Fresno - 93725
41912,93726,6,19,Fresno,Fresno - 93726
41913,93727,6,19,Fresno,Fresno - 93727
41914,93728,6,19,Fresno,Fresno - 93728
41915,93730,6,19,Fresno,Fresno - 93730
41916,93901,6,53,Monterey,Monterey - 93901
41917,93905,6,53,Monterey,Monterey - 93905
41918,93906,6,53,Monterey,Monterey - 93906
41919,93907,6,53,Monterey,Monterey - 93907
41920,93908,6,53,Monterey,Monterey - 93908
41921,93920,6,53,Monterey,Monterey - 93920
41922,93921,6,53,Monterey,Monterey - 93921
41923,93923,6,53,Monterey,Monterey - 93923
41924,93924,6,53,Monterey,Monterey - 93924
41925,93925,6,53,Monterey,Monterey - 93925
41926,93926,6,53,Monterey,Monterey - 93926
41927,93927,6,53,Monterey,Monterey - 93927
41928,93928,6,53,Monterey,Monterey - 93928
41929,93930,6,53,Monterey,Monterey - 93930
41930,93930,6,69,San Benito,San Benito - 93930
41931,93932,6,53,Monterey,Monterey - 93932
41932,93933,6,53,Monterey,Monterey - 93933
41933,93940,6,53,Monterey,Monterey - 93940
41934,93943,6,53,Monterey,Monterey - 93943
41935,93950,6,53,Monterey,Monterey - 93950
41936,93953,6,53,Monterey,Monterey - 93953
41937,93954,6,53,Monterey,Monterey - 93954
41938,93955,6,53,Monterey,Monterey - 93955
41939,93960,6,53,Monterey,Monterey - 93960
41940,93962,6,53,Monterey,Monterey - 93962
41941,94002,6,81,San Mateo,San Mateo - 94002
41942,94005,6,81,San Mateo,San Mateo - 94005
41943,94010,6,81,San Mateo,San Mateo - 94010
41944,94014,6,81,San Mateo,San Mateo - 94014
41945,94015,6,81,San Mateo,San Mateo - 94015
41946,94019,6,81,San Mateo,San Mateo - 94019
41947,94020,6,81,San Mateo,San Mateo - 94020
41948,94021,6,81,San Mateo,San Mateo - 94021
41949,94022,6,85,Santa Clara,Santa Clara - 94022
41950,94024,6,85,Santa Clara,Santa Clara - 94024
41951,94025,6,81,San Mateo,San Mateo - 94025
41952,94027,6,81,San Mateo,San Mateo - 94027
41953,94028,6,81,San Mateo,San Mateo - 94028
41954,94028,6,85,Santa Clara,Santa Clara - 94028
41955,94030,6,81,San Mateo,San Mateo - 94030
41956,94037,6,81,San Mateo,San Mateo - 94037
41957,94038,6,81,San Mateo,San Mateo - 94038
41958,94040,6,85,Santa Clara,Santa Clara - 94040
41959,94041,6,85,Santa Clara,Santa Clara - 94041
41960,94043,6,85,Santa Clara,Santa Clara - 94043
41961,94044,6,81,San Mateo,San Mateo - 94044
41962,94060,6,81,San Mateo,San Mateo - 94060
41963,94061,6,81,San Mateo,San Mateo - 94061
41964,94062,6,81,San Mateo,San Mateo - 94062
41965,94063,6,81,San Mateo,San Mateo - 94063
41966,94065,6,81,San Mateo,San Mateo - 94065
41967,94066,6,81,San Mateo,San Mateo - 94066
41968,94070,6,81,San Mateo,San Mateo - 94070
41969,94074,6,81,San Mateo,San Mateo - 94074
41970,94080,6,81,San Mateo,San Mateo - 94080
41971,94085,6,85,Santa Clara,Santa Clara - 94085
41972,94086,6,85,Santa Clara,Santa Clara - 94086
41973,94087,6,85,Santa Clara,Santa Clara - 94087
41974,94089,6,85,Santa Clara,Santa Clara - 94089
41975,94102,6,75,San Francisco,San Francisco - 94102
41976,94103,6,75,San Francisco,San Francisco - 94103
41977,94104,6,75,San Francisco,San Francisco - 94104
41978,94105,6,75,San Francisco,San Francisco - 94105
41979,94107,6,75,San Francisco,San Francisco - 94107
41980,94108,6,75,San Francisco,San Francisco - 94108
41981,94109,6,75,San Francisco,San Francisco - 94109
41982,94110,6,75,San Francisco,San Francisco - 94110
41983,94111,6,75,San Francisco,San Francisco - 94111
41984,94112,6,75,San Francisco,San Francisco - 94112
41985,94114,6,75,San Francisco,San Francisco - 94114
41986,94115,6,75,San Francisco,San Francisco - 94115
41987,94116,6,75,San Francisco,San Francisco - 94116
41988,94117,6,75,San Francisco,San Francisco - 94117
41989,94118,6,75,San Francisco,San Francisco - 94118
41990,94121,6,75,San Francisco,San Francisco - 94121
41991,94122,6,75,San Francisco,San Francisco - 94122
41992,94123,6,75,San Francisco,San Francisco - 94123
41993,94124,6,75,San Francisco,San Francisco - 94124
41994,94127,6,75,San Francisco,San Francisco - 94127
41995,94128,6,81,San Mateo,San Mateo - 94128
41996,94129,6,75,San Francisco,San Francisco - 94129
41997,94130,6,75,San Francisco,San Francisco - 94130
41998,94131,6,75,San Francisco,San Francisco - 94131
41999,94132,6,75,San Francisco,San Francisco - 94132
42000,94133,6,75,San Francisco,San Francisco - 94133
42001,94134,6,75,San Francisco,San Francisco - 94134
42002,94158,6,75,San Francisco,San Francisco - 94158
42003,94301,6,85,Santa Clara,Santa Clara - 94301
42004,94303,6,81,San Mateo,San Mateo - 94303
42005,94303,6,85,Santa Clara,Santa Clara - 94303
42006,94304,6,85,Santa Clara,Santa Clara - 94304
42007,94305,6,85,Santa Clara,Santa Clara - 94305
42008,94306,6,85,Santa Clara,Santa Clara - 94306
42009,94401,6,81,San Mateo,San Mateo - 94401
42010,94402,6,81,San Mateo,San Mateo - 94402
42011,94403,6,81,San Mateo,San Mateo - 94403
42012,94404,6,81,San Mateo,San Mateo - 94404
42013,94501,6,1,Alameda,Alameda - 94501
42014,94502,6,1,Alameda,Alameda - 94502
42015,94503,6,55,Napa,Napa - 94503
42016,94505,6,1,Alameda,Alameda - 94505
42017,94505,6,13,Contra Costa,Contra Costa - 94505
42018,94506,6,13,Contra Costa,Contra Costa - 94506
42019,94507,6,13,Contra Costa,Contra Costa - 94507
42020,94508,6,55,Napa,Napa - 94508
42021,94509,6,13,Contra Costa,Contra Costa - 94509
42022,94510,6,95,Solano,Solano - 94510
42023,94511,6,13,Contra Costa,Contra Costa - 94511
42024,94512,6,95,Solano,Solano - 94512
42025,94513,6,13,Contra Costa,Contra Costa - 94513
42026,94514,6,1,Alameda,Alameda - 94514
42027,94514,6,13,Contra Costa,Contra Costa - 94514
42028,94515,6,55,Napa,Napa - 94515
42029,94515,6,97,Sonoma,Sonoma - 94515
42030,94516,6,13,Contra Costa,Contra Costa - 94516
42031,94517,6,13,Contra Costa,Contra Costa - 94517
42032,94518,6,13,Contra Costa,Contra Costa - 94518
42033,94519,6,13,Contra Costa,Contra Costa - 94519
42034,94520,6,13,Contra Costa,Contra Costa - 94520
42035,94521,6,13,Contra Costa,Contra Costa - 94521
42036,94523,6,13,Contra Costa,Contra Costa - 94523
42037,94525,6,13,Contra Costa,Contra Costa - 94525
42038,94526,6,13,Contra Costa,Contra Costa - 94526
42039,94528,6,13,Contra Costa,Contra Costa - 94528
42040,94530,6,13,Contra Costa,Contra Costa - 94530
42041,94531,6,13,Contra Costa,Contra Costa - 94531
42042,94533,6,95,Solano,Solano - 94533
42043,94534,6,95,Solano,Solano - 94534
42044,94535,6,95,Solano,Solano - 94535
42045,94536,6,1,Alameda,Alameda - 94536
42046,94538,6,1,Alameda,Alameda - 94538
42047,94539,6,1,Alameda,Alameda - 94539
42048,94541,6,1,Alameda,Alameda - 94541
42049,94542,6,1,Alameda,Alameda - 94542
42050,94544,6,1,Alameda,Alameda - 94544
42051,94545,6,1,Alameda,Alameda - 94545
42052,94546,6,1,Alameda,Alameda - 94546
42053,94547,6,13,Contra Costa,Contra Costa - 94547
42054,94548,6,13,Contra Costa,Contra Costa - 94548
42055,94549,6,13,Contra Costa,Contra Costa - 94549
42056,94550,6,1,Alameda,Alameda - 94550
42057,94550,6,85,Santa Clara,Santa Clara - 94550
42058,94551,6,1,Alameda,Alameda - 94551
42059,94551,6,13,Contra Costa,Contra Costa - 94551
42060,94552,6,1,Alameda,Alameda - 94552
42061,94553,6,13,Contra Costa,Contra Costa - 94553
42062,94555,6,1,Alameda,Alameda - 94555
42063,94556,6,13,Contra Costa,Contra Costa - 94556
42064,94558,6,55,Napa,Napa - 94558
42065,94559,6,55,Napa,Napa - 94559
42066,94560,6,1,Alameda,Alameda - 94560
42067,94561,6,13,Contra Costa,Contra Costa - 94561
42068,94563,6,13,Contra Costa,Contra Costa - 94563
42069,94564,6,13,Contra Costa,Contra Costa - 94564
42070,94565,6,13,Contra Costa,Contra Costa - 94565
42071,94566,6,1,Alameda,Alameda - 94566
42072,94567,6,55,Napa,Napa - 94567
42073,94568,6,1,Alameda,Alameda - 94568
42074,94569,6,13,Contra Costa,Contra Costa - 94569
42075,94571,6,67,Sacramento,Sacramento - 94571
42076,94571,6,95,Solano,Solano - 94571
42077,94572,6,13,Contra Costa,Contra Costa - 94572
42078,94573,6,55,Napa,Napa - 94573
42079,94574,6,55,Napa,Napa - 94574
42080,94575,6,13,Contra Costa,Contra Costa - 94575
42081,94576,6,55,Napa,Napa - 94576
42082,94577,6,1,Alameda,Alameda - 94577
42083,94578,6,1,Alameda,Alameda - 94578
42084,94579,6,1,Alameda,Alameda - 94579
42085,94580,6,1,Alameda,Alameda - 94580
42086,94582,6,13,Contra Costa,Contra Costa - 94582
42087,94583,6,13,Contra Costa,Contra Costa - 94583
42088,94585,6,95,Solano,Solano - 94585
42089,94586,6,1,Alameda,Alameda - 94586
42090,94587,6,1,Alameda,Alameda - 94587
42091,94588,6,1,Alameda,Alameda - 94588
42092,94588,6,13,Contra Costa,Contra Costa - 94588
42093,94589,6,55,Napa,Napa - 94589
42094,94589,6,95,Solano,Solano - 94589
42095,94590,6,95,Solano,Solano - 94590
42096,94591,6,95,Solano,Solano - 94591
42097,94592,6,95,Solano,Solano - 94592
42098,94595,6,13,Contra Costa,Contra Costa - 94595
42099,94596,6,13,Contra Costa,Contra Costa - 94596
42100,94597,6,13,Contra Costa,Contra Costa - 94597
42101,94598,6,13,Contra Costa,Contra Costa - 94598
42102,94599,6,55,Napa,Napa - 94599
42103,94601,6,1,Alameda,Alameda - 94601
42104,94602,6,1,Alameda,Alameda - 94602
42105,94603,6,1,Alameda,Alameda - 94603
42106,94605,6,1,Alameda,Alameda - 94605
42107,94606,6,1,Alameda,Alameda - 94606
42108,94607,6,1,Alameda,Alameda - 94607
42109,94608,6,1,Alameda,Alameda - 94608
42110,94609,6,1,Alameda,Alameda - 94609
42111,94610,6,1,Alameda,Alameda - 94610
42112,94611,6,1,Alameda,Alameda - 94611
42113,94611,6,13,Contra Costa,Contra Costa - 94611
42114,94612,6,1,Alameda,Alameda - 94612
42115,94613,6,1,Alameda,Alameda - 94613
42116,94618,6,1,Alameda,Alameda - 94618
42117,94619,6,1,Alameda,Alameda - 94619
42118,94621,6,1,Alameda,Alameda - 94621
42119,94702,6,1,Alameda,Alameda - 94702
42120,94703,6,1,Alameda,Alameda - 94703
42121,94704,6,1,Alameda,Alameda - 94704
42122,94705,6,1,Alameda,Alameda - 94705
42123,94706,6,1,Alameda,Alameda - 94706
42124,94706,6,13,Contra Costa,Contra Costa - 94706
42125,94707,6,1,Alameda,Alameda - 94707
42126,94707,6,13,Contra Costa,Contra Costa - 94707
42127,94708,6,1,Alameda,Alameda - 94708
42128,94708,6,13,Contra Costa,Contra Costa - 94708
42129,94709,6,1,Alameda,Alameda - 94709
42130,94710,6,1,Alameda,Alameda - 94710
42131,94720,6,1,Alameda,Alameda - 94720
42132,94801,6,13,Contra Costa,Contra Costa - 94801
42133,94803,6,13,Contra Costa,Contra Costa - 94803
42134,94804,6,13,Contra Costa,Contra Costa - 94804
42135,94805,6,13,Contra Costa,Contra Costa - 94805
42136,94806,6,13,Contra Costa,Contra Costa - 94806
42137,94850,6,13,Contra Costa,Contra Costa - 94850
42138,94901,6,41,Marin,Marin - 94901
42139,94903,6,41,Marin,Marin - 94903
42140,94904,6,41,Marin,Marin - 94904
42141,94920,6,41,Marin,Marin - 94920
42142,94922,6,97,Sonoma,Sonoma - 94922
42143,94923,6,97,Sonoma,Sonoma - 94923
42144,94924,6,41,Marin,Marin - 94924
42145,94925,6,41,Marin,Marin - 94925
42146,94928,6,97,Sonoma,Sonoma - 94928
42147,94929,6,41,Marin,Marin - 94929
42148,94930,6,41,Marin,Marin - 94930
42149,94931,6,97,Sonoma,Sonoma - 94931
42150,94933,6,41,Marin,Marin - 94933
42151,94937,6,41,Marin,Marin - 94937
42152,94938,6,41,Marin,Marin - 94938
42153,94939,6,41,Marin,Marin - 94939
42154,94940,6,41,Marin,Marin - 94940
42155,94941,6,41,Marin,Marin - 94941
42156,94945,6,41,Marin,Marin - 94945
42157,94946,6,41,Marin,Marin - 94946
42158,94947,6,41,Marin,Marin - 94947
42159,94949,6,41,Marin,Marin - 94949
42160,94950,6,41,Marin,Marin - 94950
42161,94951,6,97,Sonoma,Sonoma - 94951
42162,94952,6,41,Marin,Marin - 94952
42163,94952,6,97,Sonoma,Sonoma - 94952
42164,94954,6,97,Sonoma,Sonoma - 94954
42165,94956,6,41,Marin,Marin - 94956
42166,94957,6,41,Marin,Marin - 94957
42167,94960,6,41,Marin,Marin - 94960
42168,94963,6,41,Marin,Marin - 94963
42169,94964,6,41,Marin,Marin - 94964
42170,94965,6,41,Marin,Marin - 94965
42171,94970,6,41,Marin,Marin - 94970
42172,94971,6,41,Marin,Marin - 94971
42173,94972,6,41,Marin,Marin - 94972
42174,94973,6,41,Marin,Marin - 94973
42175,95002,6,85,Santa Clara,Santa Clara - 95002
42176,95003,6,87,Santa Cruz,Santa Cruz - 95003
42177,95004,6,53,Monterey,Monterey - 95004
42178,95004,6,69,San Benito,San Benito - 95004
42179,95005,6,87,Santa Cruz,Santa Cruz - 95005
42180,95006,6,87,Santa Cruz,Santa Cruz - 95006
42181,95007,6,87,Santa Cruz,Santa Cruz - 95007
42182,95008,6,85,Santa Clara,Santa Clara - 95008
42183,95010,6,87,Santa Cruz,Santa Cruz - 95010
42184,95012,6,53,Monterey,Monterey - 95012
42185,95013,6,85,Santa Clara,Santa Clara - 95013
42186,95014,6,85,Santa Clara,Santa Clara - 95014
42187,95017,6,87,Santa Cruz,Santa Cruz - 95017
42188,95018,6,87,Santa Cruz,Santa Cruz - 95018
42189,95019,6,87,Santa Cruz,Santa Cruz - 95019
42190,95020,6,85,Santa Clara,Santa Clara - 95020
42191,95023,6,69,San Benito,San Benito - 95023
42192,95023,6,85,Santa Clara,Santa Clara - 95023
42193,95030,6,85,Santa Clara,Santa Clara - 95030
42194,95032,6,85,Santa Clara,Santa Clara - 95032
42195,95033,6,85,Santa Clara,Santa Clara - 95033
42196,95033,6,87,Santa Cruz,Santa Cruz - 95033
42197,95035,6,85,Santa Clara,Santa Clara - 95035
42198,95037,6,85,Santa Clara,Santa Clara - 95037
42199,95039,6,53,Monterey,Monterey - 95039
42200,95041,6,87,Santa Cruz,Santa Cruz - 95041
42201,95043,6,69,San Benito,San Benito - 95043
42202,95045,6,69,San Benito,San Benito - 95045
42203,95046,6,85,Santa Clara,Santa Clara - 95046
42204,95050,6,85,Santa Clara,Santa Clara - 95050
42205,95051,6,85,Santa Clara,Santa Clara - 95051
42206,95053,6,85,Santa Clara,Santa Clara - 95053
42207,95054,6,85,Santa Clara,Santa Clara - 95054
42208,95060,6,87,Santa Cruz,Santa Cruz - 95060
42209,95062,6,87,Santa Cruz,Santa Cruz - 95062
42210,95064,6,87,Santa Cruz,Santa Cruz - 95064
42211,95065,6,87,Santa Cruz,Santa Cruz - 95065
42212,95066,6,87,Santa Cruz,Santa Cruz - 95066
42213,95070,6,85,Santa Clara,Santa Clara - 95070
42214,95073,6,87,Santa Cruz,Santa Cruz - 95073
42215,95075,6,69,San Benito,San Benito - 95075
42216,95076,6,53,Monterey,Monterey - 95076
42217,95076,6,85,Santa Clara,Santa Clara - 95076
42218,95076,6,87,Santa Cruz,Santa Cruz - 95076
42219,95110,6,85,Santa Clara,Santa Clara - 95110
42220,95111,6,85,Santa Clara,Santa Clara - 95111
42221,95112,6,85,Santa Clara,Santa Clara - 95112
42222,95113,6,85,Santa Clara,Santa Clara - 95113
42223,95116,6,85,Santa Clara,Santa Clara - 95116
42224,95117,6,85,Santa Clara,Santa Clara - 95117
42225,95118,6,85,Santa Clara,Santa Clara - 95118
42226,95119,6,85,Santa Clara,Santa Clara - 95119
42227,95120,6,85,Santa Clara,Santa Clara - 95120
42228,95121,6,85,Santa Clara,Santa Clara - 95121
42229,95122,6,85,Santa Clara,Santa Clara - 95122
42230,95123,6,85,Santa Clara,Santa Clara - 95123
42231,95124,6,85,Santa Clara,Santa Clara - 95124
42232,95125,6,85,Santa Clara,Santa Clara - 95125
42233,95126,6,85,Santa Clara,Santa Clara - 95126
42234,95127,6,85,Santa Clara,Santa Clara - 95127
42235,95128,6,85,Santa Clara,Santa Clara - 95128
42236,95129,6,85,Santa Clara,Santa Clara - 95129
42237,95130,6,85,Santa Clara,Santa Clara - 95130
42238,95131,6,85,Santa Clara,Santa Clara - 95131
42239,95132,6,85,Santa Clara,Santa Clara - 95132
42240,95133,6,85,Santa Clara,Santa Clara - 95133
42241,95134,6,85,Santa Clara,Santa Clara - 95134
42242,95135,6,85,Santa Clara,Santa Clara - 95135
42243,95136,6,85,Santa Clara,Santa Clara - 95136
42244,95138,6,85,Santa Clara,Santa Clara - 95138
42245,95139,6,85,Santa Clara,Santa Clara - 95139
42246,95140,6,85,Santa Clara,Santa Clara - 95140
42247,95148,6,85,Santa Clara,Santa Clara - 95148
42248,95202,6,77,San Joaquin,San Joaquin - 95202
42249,95203,6,77,San Joaquin,San Joaquin - 95203
42250,95204,6,77,San Joaquin,San Joaquin - 95204
42251,95205,6,77,San Joaquin,San Joaquin - 95205
42252,95206,6,77,San Joaquin,San Joaquin - 95206
42253,95207,6,77,San Joaquin,San Joaquin - 95207
42254,95209,6,77,San Joaquin,San Joaquin - 95209
42255,95210,6,77,San Joaquin,San Joaquin - 95210
42256,95211,6,77,San Joaquin,San Joaquin - 95211
42257,95212,6,77,San Joaquin,San Joaquin - 95212
42258,95215,6,77,San Joaquin,San Joaquin - 95215
42259,95219,6,13,Contra Costa,Contra Costa - 95219
42260,95219,6,77,San Joaquin,San Joaquin - 95219
42261,95220,6,77,San Joaquin,San Joaquin - 95220
42262,95222,6,9,Calaveras,Calaveras - 95222
42263,95223,6,3,Alpine,Alpine - 95223
42264,95223,6,9,Calaveras,Calaveras - 95223
42265,95223,6,109,Tuolumne,Tuolumne - 95223
42266,95224,6,9,Calaveras,Calaveras - 95224
42267,95225,6,9,Calaveras,Calaveras - 95225
42268,95226,6,9,Calaveras,Calaveras - 95226
42269,95227,6,77,San Joaquin,San Joaquin - 95227
42270,95228,6,9,Calaveras,Calaveras - 95228
42271,95230,6,9,Calaveras,Calaveras - 95230
42272,95230,6,77,San Joaquin,San Joaquin - 95230
42273,95230,6,99,Stanislaus,Stanislaus - 95230
42274,95231,6,77,San Joaquin,San Joaquin - 95231
42275,95232,6,9,Calaveras,Calaveras - 95232
42276,95233,6,9,Calaveras,Calaveras - 95233
42277,95234,6,77,San Joaquin,San Joaquin - 95234
42278,95236,6,77,San Joaquin,San Joaquin - 95236
42279,95237,6,77,San Joaquin,San Joaquin - 95237
42280,95240,6,77,San Joaquin,San Joaquin - 95240
42281,95242,6,77,San Joaquin,San Joaquin - 95242
42282,95245,6,9,Calaveras,Calaveras - 95245
42283,95246,6,9,Calaveras,Calaveras - 95246
42284,95247,6,9,Calaveras,Calaveras - 95247
42285,95248,6,9,Calaveras,Calaveras - 95248
42286,95249,6,9,Calaveras,Calaveras - 95249
42287,95250,6,9,Calaveras,Calaveras - 95250
42288,95251,6,9,Calaveras,Calaveras - 95251
42289,95252,6,9,Calaveras,Calaveras - 95252
42290,95254,6,9,Calaveras,Calaveras - 95254
42291,95255,6,9,Calaveras,Calaveras - 95255
42292,95257,6,9,Calaveras,Calaveras - 95257
42293,95258,6,77,San Joaquin,San Joaquin - 95258
42294,95301,6,47,Merced,Merced - 95301
42295,95303,6,47,Merced,Merced - 95303
42296,95304,6,77,San Joaquin,San Joaquin - 95304
42297,95305,6,109,Tuolumne,Tuolumne - 95305
42298,95306,6,43,Mariposa,Mariposa - 95306
42299,95307,6,99,Stanislaus,Stanislaus - 95307
42300,95310,6,109,Tuolumne,Tuolumne - 95310
42301,95311,6,43,Mariposa,Mariposa - 95311
42302,95311,6,109,Tuolumne,Tuolumne - 95311
42303,95312,6,47,Merced,Merced - 95312
42304,95313,6,99,Stanislaus,Stanislaus - 95313
42305,95314,6,109,Tuolumne,Tuolumne - 95314
42306,95315,6,47,Merced,Merced - 95315
42307,95316,6,99,Stanislaus,Stanislaus - 95316
42308,95317,6,47,Merced,Merced - 95317
42309,95318,6,43,Mariposa,Mariposa - 95318
42310,95319,6,99,Stanislaus,Stanislaus - 95319
42311,95320,6,77,San Joaquin,San Joaquin - 95320
42312,95321,6,43,Mariposa,Mariposa - 95321
42313,95321,6,109,Tuolumne,Tuolumne - 95321
42314,95322,6,47,Merced,Merced - 95322
42315,95323,6,99,Stanislaus,Stanislaus - 95323
42316,95324,6,47,Merced,Merced - 95324
42317,95325,6,43,Mariposa,Mariposa - 95325
42318,95326,6,99,Stanislaus,Stanislaus - 95326
42319,95327,6,109,Tuolumne,Tuolumne - 95327
42320,95328,6,99,Stanislaus,Stanislaus - 95328
42321,95329,6,43,Mariposa,Mariposa - 95329
42322,95329,6,99,Stanislaus,Stanislaus - 95329
42323,95329,6,109,Tuolumne,Tuolumne - 95329
42324,95330,6,77,San Joaquin,San Joaquin - 95330
42325,95333,6,47,Merced,Merced - 95333
42326,95334,6,47,Merced,Merced - 95334
42327,95335,6,109,Tuolumne,Tuolumne - 95335
42328,95336,6,77,San Joaquin,San Joaquin - 95336
42329,95337,6,77,San Joaquin,San Joaquin - 95337
42330,95338,6,43,Mariposa,Mariposa - 95338
42331,95340,6,47,Merced,Merced - 95340
42332,95341,6,47,Merced,Merced - 95341
42333,95345,6,43,Mariposa,Mariposa - 95345
42334,95346,6,109,Tuolumne,Tuolumne - 95346
42335,95348,6,47,Merced,Merced - 95348
42336,95350,6,99,Stanislaus,Stanislaus - 95350
42337,95351,6,99,Stanislaus,Stanislaus - 95351
42338,95354,6,99,Stanislaus,Stanislaus - 95354
42339,95355,6,99,Stanislaus,Stanislaus - 95355
42340,95356,6,99,Stanislaus,Stanislaus - 95356
42341,95357,6,99,Stanislaus,Stanislaus - 95357
42342,95358,6,99,Stanislaus,Stanislaus - 95358
42343,95360,6,47,Merced,Merced - 95360
42344,95360,6,99,Stanislaus,Stanislaus - 95360
42345,95361,6,77,San Joaquin,San Joaquin - 95361
42346,95361,6,99,Stanislaus,Stanislaus - 95361
42347,95363,6,99,Stanislaus,Stanislaus - 95363
42348,95364,6,109,Tuolumne,Tuolumne - 95364
42349,95365,6,47,Merced,Merced - 95365
42350,95366,6,77,San Joaquin,San Joaquin - 95366
42351,95367,6,99,Stanislaus,Stanislaus - 95367
42352,95368,6,99,Stanislaus,Stanislaus - 95368
42353,95369,6,43,Mariposa,Mariposa - 95369
42354,95369,6,47,Merced,Merced - 95369
42355,95370,6,109,Tuolumne,Tuolumne - 95370
42356,95372,6,109,Tuolumne,Tuolumne - 95372
42357,95374,6,47,Merced,Merced - 95374
42358,95375,6,109,Tuolumne,Tuolumne - 95375
42359,95376,6,77,San Joaquin,San Joaquin - 95376
42360,95377,6,1,Alameda,Alameda - 95377
42361,95377,6,77,San Joaquin,San Joaquin - 95377
42362,95379,6,109,Tuolumne,Tuolumne - 95379
42363,95380,6,47,Merced,Merced - 95380
42364,95380,6,99,Stanislaus,Stanislaus - 95380
42365,95382,6,99,Stanislaus,Stanislaus - 95382
42366,95383,6,109,Tuolumne,Tuolumne - 95383
42367,95385,6,77,San Joaquin,San Joaquin - 95385
42368,95385,6,99,Stanislaus,Stanislaus - 95385
42369,95386,6,99,Stanislaus,Stanislaus - 95386
42370,95387,6,99,Stanislaus,Stanislaus - 95387
42371,95388,6,47,Merced,Merced - 95388
42372,95389,6,43,Mariposa,Mariposa - 95389
42373,95389,6,109,Tuolumne,Tuolumne - 95389
42374,95391,6,1,Alameda,Alameda - 95391
42375,95391,6,77,San Joaquin,San Joaquin - 95391
42376,95401,6,97,Sonoma,Sonoma - 95401
42377,95403,6,97,Sonoma,Sonoma - 95403
42378,95404,6,97,Sonoma,Sonoma - 95404
42379,95405,6,97,Sonoma,Sonoma - 95405
42380,95407,6,97,Sonoma,Sonoma - 95407
42381,95409,6,97,Sonoma,Sonoma - 95409
42382,95410,6,45,Mendocino,Mendocino - 95410
42383,95412,6,97,Sonoma,Sonoma - 95412
42384,95415,6,45,Mendocino,Mendocino - 95415
42385,95417,6,45,Mendocino,Mendocino - 95417
42386,95420,6,45,Mendocino,Mendocino - 95420
42387,95421,6,97,Sonoma,Sonoma - 95421
42388,95422,6,33,Lake,Lake - 95422
42389,95423,6,33,Lake,Lake - 95423
42390,95425,6,45,Mendocino,Mendocino - 95425
42391,95425,6,97,Sonoma,Sonoma - 95425
42392,95426,6,33,Lake,Lake - 95426
42393,95427,6,45,Mendocino,Mendocino - 95427
42394,95428,6,45,Mendocino,Mendocino - 95428
42395,95429,6,45,Mendocino,Mendocino - 95429
42396,95430,6,97,Sonoma,Sonoma - 95430
42397,95431,6,97,Sonoma,Sonoma - 95431
42398,95432,6,45,Mendocino,Mendocino - 95432
42399,95435,6,33,Lake,Lake - 95435
42400,95436,6,97,Sonoma,Sonoma - 95436
42401,95437,6,45,Mendocino,Mendocino - 95437
42402,95439,6,97,Sonoma,Sonoma - 95439
42403,95441,6,97,Sonoma,Sonoma - 95441
42404,95442,6,97,Sonoma,Sonoma - 95442
42405,95443,6,33,Lake,Lake - 95443
42406,95444,6,97,Sonoma,Sonoma - 95444
42407,95445,6,45,Mendocino,Mendocino - 95445
42408,95446,6,97,Sonoma,Sonoma - 95446
42409,95448,6,97,Sonoma,Sonoma - 95448
42410,95449,6,45,Mendocino,Mendocino - 95449
42411,95450,6,97,Sonoma,Sonoma - 95450
42412,95451,6,33,Lake,Lake - 95451
42413,95452,6,97,Sonoma,Sonoma - 95452
42414,95453,6,33,Lake,Lake - 95453
42415,95454,6,45,Mendocino,Mendocino - 95454
42416,95456,6,45,Mendocino,Mendocino - 95456
42417,95457,6,33,Lake,Lake - 95457
42418,95458,6,33,Lake,Lake - 95458
42419,95459,6,45,Mendocino,Mendocino - 95459
42420,95460,6,45,Mendocino,Mendocino - 95460
42421,95461,6,33,Lake,Lake - 95461
42422,95462,6,97,Sonoma,Sonoma - 95462
42423,95463,6,45,Mendocino,Mendocino - 95463
42424,95464,6,33,Lake,Lake - 95464
42425,95465,6,97,Sonoma,Sonoma - 95465
42426,95466,6,45,Mendocino,Mendocino - 95466
42427,95467,6,33,Lake,Lake - 95467
42428,95468,6,45,Mendocino,Mendocino - 95468
42429,95469,6,33,Lake,Lake - 95469
42430,95469,6,45,Mendocino,Mendocino - 95469
42431,95470,6,45,Mendocino,Mendocino - 95470
42432,95471,6,97,Sonoma,Sonoma - 95471
42433,95472,6,97,Sonoma,Sonoma - 95472
42434,95476,6,97,Sonoma,Sonoma - 95476
42435,95482,6,45,Mendocino,Mendocino - 95482
42436,95485,6,33,Lake,Lake - 95485
42437,95486,6,97,Sonoma,Sonoma - 95486
42438,95488,6,45,Mendocino,Mendocino - 95488
42439,95490,6,45,Mendocino,Mendocino - 95490
42440,95492,6,97,Sonoma,Sonoma - 95492
42441,95493,6,33,Lake,Lake - 95493
42442,95494,6,45,Mendocino,Mendocino - 95494
42443,95497,6,97,Sonoma,Sonoma - 95497
42444,95501,6,23,Humboldt,Humboldt - 95501
42445,95503,6,23,Humboldt,Humboldt - 95503
42446,95511,6,23,Humboldt,Humboldt - 95511
42447,95514,6,23,Humboldt,Humboldt - 95514
42448,95519,6,23,Humboldt,Humboldt - 95519
42449,95521,6,23,Humboldt,Humboldt - 95521
42450,95524,6,23,Humboldt,Humboldt - 95524
42451,95525,6,23,Humboldt,Humboldt - 95525
42452,95526,6,23,Humboldt,Humboldt - 95526
42453,95527,6,105,Trinity,Trinity - 95527
42454,95528,6,23,Humboldt,Humboldt - 95528
42455,95531,6,15,Del Norte,Del Norte - 95531
42456,95536,6,23,Humboldt,Humboldt - 95536
42457,95537,6,23,Humboldt,Humboldt - 95537
42458,95540,6,23,Humboldt,Humboldt - 95540
42459,95542,6,23,Humboldt,Humboldt - 95542
42460,95543,6,15,Del Norte,Del Norte - 95543
42461,95545,6,23,Humboldt,Humboldt - 95545
42462,95546,6,23,Humboldt,Humboldt - 95546
42463,95547,6,23,Humboldt,Humboldt - 95547
42464,95548,6,15,Del Norte,Del Norte - 95548
42465,95549,6,23,Humboldt,Humboldt - 95549
42466,95550,6,23,Humboldt,Humboldt - 95550
42467,95551,6,23,Humboldt,Humboldt - 95551
42468,95552,6,105,Trinity,Trinity - 95552
42469,95553,6,23,Humboldt,Humboldt - 95553
42470,95554,6,23,Humboldt,Humboldt - 95554
42471,95555,6,23,Humboldt,Humboldt - 95555
42472,95556,6,23,Humboldt,Humboldt - 95556
42473,95558,6,23,Humboldt,Humboldt - 95558
42474,95559,6,23,Humboldt,Humboldt - 95559
42475,95560,6,23,Humboldt,Humboldt - 95560
42476,95562,6,23,Humboldt,Humboldt - 95562
42477,95563,6,105,Trinity,Trinity - 95563
42478,95564,6,23,Humboldt,Humboldt - 95564
42479,95565,6,23,Humboldt,Humboldt - 95565
42480,95567,6,15,Del Norte,Del Norte - 95567
42481,95568,6,93,Siskiyou,Siskiyou - 95568
42482,95569,6,23,Humboldt,Humboldt - 95569
42483,95570,6,23,Humboldt,Humboldt - 95570
42484,95571,6,23,Humboldt,Humboldt - 95571
42485,95573,6,23,Humboldt,Humboldt - 95573
42486,95585,6,45,Mendocino,Mendocino - 95585
42487,95587,6,45,Mendocino,Mendocino - 95587
42488,95589,6,23,Humboldt,Humboldt - 95589
42489,95589,6,45,Mendocino,Mendocino - 95589
42490,95595,6,105,Trinity,Trinity - 95595
42491,95601,6,5,Amador,Amador - 95601
42492,95602,6,57,Nevada,Nevada - 95602
42493,95602,6,61,Placer,Placer - 95602
42494,95603,6,61,Placer,Placer - 95603
42495,95604,6,61,Placer,Placer - 95604
42496,95605,6,113,Yolo,Yolo - 95605
42497,95606,6,113,Yolo,Yolo - 95606
42498,95607,6,113,Yolo,Yolo - 95607
42499,95608,6,67,Sacramento,Sacramento - 95608
42500,95610,6,67,Sacramento,Sacramento - 95610
42501,95612,6,95,Solano,Solano - 95612
42502,95612,6,113,Yolo,Yolo - 95612
42503,95614,6,17,El Dorado,El Dorado - 95614
42504,95615,6,67,Sacramento,Sacramento - 95615
42505,95615,6,113,Yolo,Yolo - 95615
42506,95616,6,113,Yolo,Yolo - 95616
42507,95618,6,95,Solano,Solano - 95618
42508,95618,6,113,Yolo,Yolo - 95618
42509,95619,6,17,El Dorado,El Dorado - 95619
42510,95620,6,95,Solano,Solano - 95620
42511,95620,6,113,Yolo,Yolo - 95620
42512,95621,6,67,Sacramento,Sacramento - 95621
42513,95623,6,17,El Dorado,El Dorado - 95623
42514,95624,6,67,Sacramento,Sacramento - 95624
42515,95625,6,95,Solano,Solano - 95625
42516,95626,6,61,Placer,Placer - 95626
42517,95626,6,67,Sacramento,Sacramento - 95626
42518,95626,6,101,Sutter,Sutter - 95626
42519,95627,6,113,Yolo,Yolo - 95627
42520,95628,6,67,Sacramento,Sacramento - 95628
42521,95629,6,5,Amador,Amador - 95629
42522,95629,6,17,El Dorado,El Dorado - 95629
42523,95630,6,67,Sacramento,Sacramento - 95630
42524,95631,6,61,Placer,Placer - 95631
42525,95632,6,67,Sacramento,Sacramento - 95632
42526,95632,6,77,San Joaquin,San Joaquin - 95632
42527,95633,6,17,El Dorado,El Dorado - 95633
42528,95634,6,17,El Dorado,El Dorado - 95634
42529,95635,6,17,El Dorado,El Dorado - 95635
42530,95636,6,17,El Dorado,El Dorado - 95636
42531,95637,6,113,Yolo,Yolo - 95637
42532,95638,6,67,Sacramento,Sacramento - 95638
42533,95639,6,67,Sacramento,Sacramento - 95639
42534,95640,6,5,Amador,Amador - 95640
42535,95641,6,67,Sacramento,Sacramento - 95641
42536,95641,6,77,San Joaquin,San Joaquin - 95641
42537,95642,6,5,Amador,Amador - 95642
42538,95645,6,11,Colusa,Colusa - 95645
42539,95645,6,101,Sutter,Sutter - 95645
42540,95645,6,113,Yolo,Yolo - 95645
42541,95646,6,3,Alpine,Alpine - 95646
42542,95646,6,5,Amador,Amador - 95646
42543,95648,6,61,Placer,Placer - 95648
42544,95650,6,61,Placer,Placer - 95650
42545,95651,6,17,El Dorado,El Dorado - 95651
42546,95652,6,67,Sacramento,Sacramento - 95652
42547,95653,6,113,Yolo,Yolo - 95653
42548,95655,6,67,Sacramento,Sacramento - 95655
42549,95658,6,61,Placer,Placer - 95658
42550,95659,6,101,Sutter,Sutter - 95659
42551,95660,6,67,Sacramento,Sacramento - 95660
42552,95661,6,61,Placer,Placer - 95661
42553,95662,6,67,Sacramento,Sacramento - 95662
42554,95663,6,61,Placer,Placer - 95663
42555,95664,6,17,El Dorado,El Dorado - 95664
42556,95665,6,5,Amador,Amador - 95665
42557,95666,6,5,Amador,Amador - 95666
42558,95667,6,17,El Dorado,El Dorado - 95667
42559,95668,6,61,Placer,Placer - 95668
42560,95668,6,101,Sutter,Sutter - 95668
42561,95669,6,5,Amador,Amador - 95669
42562,95670,6,67,Sacramento,Sacramento - 95670
42563,95672,6,17,El Dorado,El Dorado - 95672
42564,95673,6,67,Sacramento,Sacramento - 95673
42565,95674,6,101,Sutter,Sutter - 95674
42566,95675,6,5,Amador,Amador - 95675
42567,95677,6,61,Placer,Placer - 95677
42568,95678,6,61,Placer,Placer - 95678
42569,95679,6,113,Yolo,Yolo - 95679
42570,95680,6,67,Sacramento,Sacramento - 95680
42571,95681,6,61,Placer,Placer - 95681
42572,95682,6,17,El Dorado,El Dorado - 95682
42573,95683,6,67,Sacramento,Sacramento - 95683
42574,95684,6,17,El Dorado,El Dorado - 95684
42575,95685,6,5,Amador,Amador - 95685
42576,95686,6,77,San Joaquin,San Joaquin - 95686
42577,95687,6,95,Solano,Solano - 95687
42578,95688,6,95,Solano,Solano - 95688
42579,95689,6,5,Amador,Amador - 95689
42580,95690,6,67,Sacramento,Sacramento - 95690
42581,95690,6,95,Solano,Solano - 95690
42582,95691,6,113,Yolo,Yolo - 95691
42583,95692,6,101,Sutter,Sutter - 95692
42584,95692,6,115,Yuba,Yuba - 95692
42585,95693,6,67,Sacramento,Sacramento - 95693
42586,95694,6,95,Solano,Solano - 95694
42587,95694,6,113,Yolo,Yolo - 95694
42588,95695,6,113,Yolo,Yolo - 95695
42589,95697,6,113,Yolo,Yolo - 95697
42590,95698,6,113,Yolo,Yolo - 95698
42591,95699,6,5,Amador,Amador - 95699
42592,95701,6,61,Placer,Placer - 95701
42593,95703,6,61,Placer,Placer - 95703
42594,95709,6,17,El Dorado,El Dorado - 95709
42595,95713,6,61,Placer,Placer - 95713
42596,95714,6,61,Placer,Placer - 95714
42597,95715,6,57,Nevada,Nevada - 95715
42598,95715,6,61,Placer,Placer - 95715
42599,95717,6,61,Placer,Placer - 95717
42600,95720,6,17,El Dorado,El Dorado - 95720
42601,95721,6,17,El Dorado,El Dorado - 95721
42602,95722,6,61,Placer,Placer - 95722
42603,95724,6,61,Placer,Placer - 95724
42604,95726,6,17,El Dorado,El Dorado - 95726
42605,95728,6,57,Nevada,Nevada - 95728
42606,95728,6,61,Placer,Placer - 95728
42607,95735,6,17,El Dorado,El Dorado - 95735
42608,95736,6,61,Placer,Placer - 95736
42609,95742,6,67,Sacramento,Sacramento - 95742
42610,95746,6,61,Placer,Placer - 95746
42611,95747,6,61,Placer,Placer - 95747
42612,95757,6,67,Sacramento,Sacramento - 95757
42613,95758,6,67,Sacramento,Sacramento - 95758
42614,95762,6,17,El Dorado,El Dorado - 95762
42615,95765,6,61,Placer,Placer - 95765
42616,95776,6,113,Yolo,Yolo - 95776
42617,95811,6,67,Sacramento,Sacramento - 95811
42618,95814,6,67,Sacramento,Sacramento - 95814
42619,95815,6,67,Sacramento,Sacramento - 95815
42620,95816,6,67,Sacramento,Sacramento - 95816
42621,95817,6,67,Sacramento,Sacramento - 95817
42622,95818,6,67,Sacramento,Sacramento - 95818
42623,95819,6,67,Sacramento,Sacramento - 95819
42624,95820,6,67,Sacramento,Sacramento - 95820
42625,95821,6,67,Sacramento,Sacramento - 95821
42626,95822,6,67,Sacramento,Sacramento - 95822
42627,95823,6,67,Sacramento,Sacramento - 95823
42628,95824,6,67,Sacramento,Sacramento - 95824
42629,95825,6,67,Sacramento,Sacramento - 95825
42630,95826,6,67,Sacramento,Sacramento - 95826
42631,95827,6,67,Sacramento,Sacramento - 95827
42632,95828,6,67,Sacramento,Sacramento - 95828
42633,95829,6,67,Sacramento,Sacramento - 95829
42634,95830,6,67,Sacramento,Sacramento - 95830
42635,95831,6,67,Sacramento,Sacramento - 95831
42636,95832,6,67,Sacramento,Sacramento - 95832
42637,95833,6,67,Sacramento,Sacramento - 95833
42638,95834,6,67,Sacramento,Sacramento - 95834
42639,95835,6,67,Sacramento,Sacramento - 95835
42640,95837,6,67,Sacramento,Sacramento - 95837
42641,95837,6,101,Sutter,Sutter - 95837
42642,95838,6,67,Sacramento,Sacramento - 95838
42643,95841,6,67,Sacramento,Sacramento - 95841
42644,95842,6,67,Sacramento,Sacramento - 95842
42645,95843,6,67,Sacramento,Sacramento - 95843
42646,95864,6,67,Sacramento,Sacramento - 95864
42647,95901,6,7,Butte,Butte - 95901
42648,95901,6,115,Yuba,Yuba - 95901
42649,95903,6,115,Yuba,Yuba - 95903
42650,95910,6,91,Sierra,Sierra - 95910
42651,95912,6,11,Colusa,Colusa - 95912
42652,95912,6,113,Yolo,Yolo - 95912
42653,95914,6,7,Butte,Butte - 95914
42654,95914,6,115,Yuba,Yuba - 95914
42655,95915,6,63,Plumas,Plumas - 95915
42656,95916,6,7,Butte,Butte - 95916
42657,95917,6,7,Butte,Butte - 95917
42658,95918,6,115,Yuba,Yuba - 95918
42659,95919,6,115,Yuba,Yuba - 95919
42660,95920,6,21,Glenn,Glenn - 95920
42661,95922,6,91,Sierra,Sierra - 95922
42662,95922,6,115,Yuba,Yuba - 95922
42663,95923,6,63,Plumas,Plumas - 95923
42664,95925,6,115,Yuba,Yuba - 95925
42665,95926,6,7,Butte,Butte - 95926
42666,95928,6,7,Butte,Butte - 95928
42667,95930,6,7,Butte,Butte - 95930
42668,95930,6,115,Yuba,Yuba - 95930
42669,95932,6,11,Colusa,Colusa - 95932
42670,95934,6,63,Plumas,Plumas - 95934
42671,95935,6,115,Yuba,Yuba - 95935
42672,95936,6,91,Sierra,Sierra - 95936
42673,95937,6,113,Yolo,Yolo - 95937
42674,95938,6,7,Butte,Butte - 95938
42675,95939,6,21,Glenn,Glenn - 95939
42676,95941,6,7,Butte,Butte - 95941
42677,95941,6,115,Yuba,Yuba - 95941
42678,95942,6,7,Butte,Butte - 95942
42679,95943,6,21,Glenn,Glenn - 95943
42680,95944,6,91,Sierra,Sierra - 95944
42681,95945,6,57,Nevada,Nevada - 95945
42682,95946,6,57,Nevada,Nevada - 95946
42683,95947,6,63,Plumas,Plumas - 95947
42684,95948,6,7,Butte,Butte - 95948
42685,95948,6,101,Sutter,Sutter - 95948
42686,95949,6,57,Nevada,Nevada - 95949
42687,95950,6,11,Colusa,Colusa - 95950
42688,95951,6,21,Glenn,Glenn - 95951
42689,95953,6,101,Sutter,Sutter - 95953
42690,95954,6,7,Butte,Butte - 95954
42691,95955,6,11,Colusa,Colusa - 95955
42692,95956,6,63,Plumas,Plumas - 95956
42693,95957,6,101,Sutter,Sutter - 95957
42694,95959,6,57,Nevada,Nevada - 95959
42695,95960,6,57,Nevada,Nevada - 95960
42696,95960,6,91,Sierra,Sierra - 95960
42697,95960,6,115,Yuba,Yuba - 95960
42698,95961,6,115,Yuba,Yuba - 95961
42699,95962,6,115,Yuba,Yuba - 95962
42700,95963,6,21,Glenn,Glenn - 95963
42701,95963,6,103,Tehama,Tehama - 95963
42702,95965,6,7,Butte,Butte - 95965
42703,95966,6,7,Butte,Butte - 95966
42704,95966,6,115,Yuba,Yuba - 95966
42705,95968,6,7,Butte,Butte - 95968
42706,95969,6,7,Butte,Butte - 95969
42707,95970,6,11,Colusa,Colusa - 95970
42708,95970,6,21,Glenn,Glenn - 95970
42709,95971,6,63,Plumas,Plumas - 95971
42710,95973,6,7,Butte,Butte - 95973
42711,95973,6,103,Tehama,Tehama - 95973
42712,95974,6,7,Butte,Butte - 95974
42713,95975,6,57,Nevada,Nevada - 95975
42714,95977,6,57,Nevada,Nevada - 95977
42715,95977,6,115,Yuba,Yuba - 95977
42716,95978,6,7,Butte,Butte - 95978
42717,95979,6,11,Colusa,Colusa - 95979
42718,95981,6,63,Plumas,Plumas - 95981
42719,95981,6,115,Yuba,Yuba - 95981
42720,95982,6,101,Sutter,Sutter - 95982
42721,95983,6,63,Plumas,Plumas - 95983
42722,95984,6,63,Plumas,Plumas - 95984
42723,95986,6,57,Nevada,Nevada - 95986
42724,95987,6,11,Colusa,Colusa - 95987
42725,95988,6,21,Glenn,Glenn - 95988
42726,95991,6,101,Sutter,Sutter - 95991
42727,95993,6,101,Sutter,Sutter - 95993
42728,96001,6,89,Shasta,Shasta - 96001
42729,96002,6,89,Shasta,Shasta - 96002
42730,96003,6,89,Shasta,Shasta - 96003
42731,96006,6,35,Lassen,Lassen - 96006
42732,96006,6,49,Modoc,Modoc - 96006
42733,96007,6,89,Shasta,Shasta - 96007
42734,96008,6,89,Shasta,Shasta - 96008
42735,96009,6,35,Lassen,Lassen - 96009
42736,96010,6,105,Trinity,Trinity - 96010
42737,96011,6,89,Shasta,Shasta - 96011
42738,96013,6,89,Shasta,Shasta - 96013
42739,96014,6,93,Siskiyou,Siskiyou - 96014
42740,96015,6,49,Modoc,Modoc - 96015
42741,96016,6,89,Shasta,Shasta - 96016
42742,96017,6,89,Shasta,Shasta - 96017
42743,96019,6,89,Shasta,Shasta - 96019
42744,96020,6,63,Plumas,Plumas - 96020
42745,96021,6,103,Tehama,Tehama - 96021
42746,96022,6,89,Shasta,Shasta - 96022
42747,96022,6,103,Tehama,Tehama - 96022
42748,96023,6,93,Siskiyou,Siskiyou - 96023
42749,96024,6,105,Trinity,Trinity - 96024
42750,96025,6,89,Shasta,Shasta - 96025
42751,96025,6,93,Siskiyou,Siskiyou - 96025
42752,96027,6,93,Siskiyou,Siskiyou - 96027
42753,96028,6,89,Shasta,Shasta - 96028
42754,96029,6,103,Tehama,Tehama - 96029
42755,96031,6,93,Siskiyou,Siskiyou - 96031
42756,96032,6,93,Siskiyou,Siskiyou - 96032
42757,96033,6,89,Shasta,Shasta - 96033
42758,96034,6,93,Siskiyou,Siskiyou - 96034
42759,96035,6,103,Tehama,Tehama - 96035
42760,96037,6,93,Siskiyou,Siskiyou - 96037
42761,96038,6,93,Siskiyou,Siskiyou - 96038
42762,96039,6,93,Siskiyou,Siskiyou - 96039
42763,96040,6,89,Shasta,Shasta - 96040
42764,96041,6,105,Trinity,Trinity - 96041
42765,96044,6,93,Siskiyou,Siskiyou - 96044
42766,96046,6,105,Trinity,Trinity - 96046
42767,96047,6,89,Shasta,Shasta - 96047
42768,96048,6,105,Trinity,Trinity - 96048
42769,96049,6,93,Siskiyou,Siskiyou - 96049
42770,96050,6,93,Siskiyou,Siskiyou - 96050
42771,96051,6,89,Shasta,Shasta - 96051
42772,96052,6,105,Trinity,Trinity - 96052
42773,96054,6,49,Modoc,Modoc - 96054
42774,96055,6,103,Tehama,Tehama - 96055
42775,96056,6,35,Lassen,Lassen - 96056
42776,96056,6,49,Modoc,Modoc - 96056
42777,96056,6,89,Shasta,Shasta - 96056
42778,96057,6,93,Siskiyou,Siskiyou - 96057
42779,96058,6,93,Siskiyou,Siskiyou - 96058
42780,96059,6,89,Shasta,Shasta - 96059
42781,96059,6,103,Tehama,Tehama - 96059
42782,96061,6,103,Tehama,Tehama - 96061
42783,96062,6,89,Shasta,Shasta - 96062
42784,96063,6,103,Tehama,Tehama - 96063
42785,96064,6,93,Siskiyou,Siskiyou - 96064
42786,96065,6,89,Shasta,Shasta - 96065
42787,96067,6,93,Siskiyou,Siskiyou - 96067
42788,96068,6,35,Lassen,Lassen - 96068
42789,96069,6,89,Shasta,Shasta - 96069
42790,96071,6,89,Shasta,Shasta - 96071
42791,96073,6,89,Shasta,Shasta - 96073
42792,96074,6,103,Tehama,Tehama - 96074
42793,96075,6,89,Shasta,Shasta - 96075
42794,96075,6,103,Tehama,Tehama - 96075
42795,96076,6,89,Shasta,Shasta - 96076
42796,96076,6,103,Tehama,Tehama - 96076
42797,96076,6,105,Trinity,Trinity - 96076
42798,96080,6,103,Tehama,Tehama - 96080
42799,96084,6,89,Shasta,Shasta - 96084
42800,96085,6,93,Siskiyou,Siskiyou - 96085
42801,96086,6,93,Siskiyou,Siskiyou - 96086
42802,96087,6,89,Shasta,Shasta - 96087
42803,96088,6,89,Shasta,Shasta - 96088
42804,96090,6,103,Tehama,Tehama - 96090
42805,96091,6,105,Trinity,Trinity - 96091
42806,96092,6,103,Tehama,Tehama - 96092
42807,96093,6,105,Trinity,Trinity - 96093
42808,96094,6,93,Siskiyou,Siskiyou - 96094
42809,96096,6,89,Shasta,Shasta - 96096
42810,96097,6,93,Siskiyou,Siskiyou - 96097
42811,96101,6,49,Modoc,Modoc - 96101
42812,96103,6,63,Plumas,Plumas - 96103
42813,96104,6,49,Modoc,Modoc - 96104
42814,96105,6,35,Lassen,Lassen - 96105
42815,96105,6,63,Plumas,Plumas - 96105
42816,96105,6,91,Sierra,Sierra - 96105
42817,96106,6,63,Plumas,Plumas - 96106
42818,96107,6,51,Mono,Mono - 96107
42819,96108,6,49,Modoc,Modoc - 96108
42820,96109,6,35,Lassen,Lassen - 96109
42821,96110,6,35,Lassen,Lassen - 96110
42822,96110,6,49,Modoc,Modoc - 96110
42823,96111,6,57,Nevada,Nevada - 96111
42824,96111,6,91,Sierra,Sierra - 96111
42825,96112,6,49,Modoc,Modoc - 96112
42826,96113,6,35,Lassen,Lassen - 96113
42827,96114,6,35,Lassen,Lassen - 96114
42828,96115,6,49,Modoc,Modoc - 96115
42829,96116,6,49,Modoc,Modoc - 96116
42830,96117,6,35,Lassen,Lassen - 96117
42831,96118,6,63,Plumas,Plumas - 96118
42832,96118,6,91,Sierra,Sierra - 96118
42833,96119,6,35,Lassen,Lassen - 96119
42834,96120,6,3,Alpine,Alpine - 96120
42835,96121,6,35,Lassen,Lassen - 96121
42836,96122,6,63,Plumas,Plumas - 96122
42837,96123,6,35,Lassen,Lassen - 96123
42838,96124,6,91,Sierra,Sierra - 96124
42839,96125,6,91,Sierra,Sierra - 96125
42840,96126,6,91,Sierra,Sierra - 96126
42841,96128,6,35,Lassen,Lassen - 96128
42842,96129,6,63,Plumas,Plumas - 96129
42843,96130,6,35,Lassen,Lassen - 96130
42844,96132,6,35,Lassen,Lassen - 96132
42845,96133,6,51,Mono,Mono - 96133
42846,96134,6,49,Modoc,Modoc - 96134
42847,96134,6,93,Siskiyou,Siskiyou - 96134
42848,96135,6,63,Plumas,Plumas - 96135
42849,96136,6,35,Lassen,Lassen - 96136
42850,96137,6,35,Lassen,Lassen - 96137
42851,96137,6,63,Plumas,Plumas - 96137
42852,96140,6,61,Placer,Placer - 96140
42853,96141,6,61,Placer,Placer - 96141
42854,96142,6,17,El Dorado,El Dorado - 96142
42855,96142,6,61,Placer,Placer - 96142
42856,96143,6,61,Placer,Placer - 96143
42857,96145,6,61,Placer,Placer - 96145
42858,96146,6,61,Placer,Placer - 96146
42859,96148,6,61,Placer,Placer - 96148
42860,96150,6,17,El Dorado,El Dorado - 96150
42861,96155,6,17,El Dorado,El Dorado - 96155
42862,96161,6,57,Nevada,Nevada - 96161
42863,96161,6,61,Placer,Placer - 96161
43341,97635,6,49,Modoc,Modoc - 97635